Rank	Primary Census Statistical Area                                	2011 Estimate	2010 Census	Change	Core Based Statistical Areas
   1	New York-Newark-Bridgeport, NY-NJ-CT-PA CSA                    	     22214083	   22085649	+0.58%	New York-Northern New Jersey-Long Island, NY-NJ-PA MSA | Bridgeport-Stamford-Norwalk, CT MSA | New Haven-Milford, CT MSA | Poughkeepsie-Newburgh-Middletown, NY MSA | Trenton-Ewing, NJ MSA | Torrington, CT µSA | Kingston, NY MSA
   2	Los Angeles-Long Beach-Riverside, CA CSA                       	     18081569	   17877006	+1.14%	Los Angeles-Long Beach-Santa Ana, CA MSA | Riverside-San Bernardino-Ontario, CA MSA | Oxnard-Thousand Oaks-Ventura, CA MSA
   3	Chicago-Naperville-Michigan City, IL-IN-WI CSA                 	      9729825	    9686021	+0.45%	Chicago-Naperville-Joliet, IL-IN-WI MSA | Kankakee-Bradley, IL MSA | Michigan City-La Porte, IN MSA
   4	Washington-Baltimore-Northern Virginia, DC-MD-VA-WV CSA        	      8718083	    8572971	+1.69%	Washington-Arlington-Alexandria, DC-VA-MD-WV MSA | Baltimore-Towson, MD MSA | Winchester, VA-WV MSA | Lexington Park, MD µSA | Culpeper, VA µSA
   5	Boston-Worcester-Manchester, MA-RI-NH CSA                      	      7601061	    7559060	+0.56%	Boston-Cambridge-Quincy, MA-NH MSA | Providence-New Bedford-Fall River, RI-MA MSA | Worcester, MA MSA | Manchester-Nashua, NH MSA | Concord, NH µSA | Laconia, NH µSA
   6	San Jose-San Francisco-Oakland, CA CSA                         	      7563460	    7468390	+1.27%	San Francisco-Oakland-Fremont, CA MSA | San Jose-Sunnyvale-Santa Clara, CA MSA | Santa Rosa-Petaluma, CA MSA | Vallejo-Fairfield, CA MSA | Santa Cruz-Watsonville, CA MSA | Napa, CA MSA
   7	Dallas-Fort Worth, TX CSA                                      	      6887383	    6731317	+2.32%	Dallas-Fort Worth-Arlington, TX MSA | Sherman-Denison, TX MSA | Athens, TX µSA | Granbury, TX µSA | Gainesville, TX µSA | Bonham, TX µSA | Mineral Wells, TX µSA
   8	Philadelphia-Camden-Vineland, PA-NJ-DE-MD CSA                  	      6562287	    6533683	+0.44%	Philadelphia-Camden-Wilmington, PA-NJ-DE-MD MSA | Reading, PA MSA | Vineland-Millville-Bridgeton, NJ MSA
   9	Houston-Baytown-Huntsville, TX CSA                             	      6191434	    6051363	+2.31%	Houston-Sugar Land-Baytown, TX MSA | Huntsville, TX µSA | Bay City, TX µSA
  10	Atlanta-Sandy Springs-Gainesville, GA-AL CSA                   	      5712148	    5618431	+1.67%	Atlanta-Sandy Springs-Marietta, GA MSA | Gainesville, GA MSA | LaGrange, GA µSA | Cedartown, GA µSA | Valley, AL µSA | Thomaston, GA µSA
  11	Miami-Fort Lauderdale-Pompano Beach, FL MSA                    	      5670125	    5564635	+1.90%
  12	Detroit-Warren-Flint, MI CSA                                   	      5207434	    5218852	-0.22%	Detroit-Warren-Livonia, MI MSA | Flint, MI MSA | Ann Arbor, MI MSA | Monroe, MI MSA
  13	Seattle-Tacoma-Olympia, WA CSA                                 	      4269349	    4199312	+1.67%	Seattle-Tacoma-Bellevue, WA MSA | Olympia, WA MSA | Bremerton-Silverdale, WA MSA | Mount Vernon-Anacortes, WA MSA | Oak Harbor, WA µSA | Shelton, WA µSA
  14	Phoenix-Mesa-Glendale, AZ MSA                                  	      4263236	    4192887	+1.68%
  15	Minneapolis-St. Paul-St. Cloud, MN-WI CSA                      	      3655558	    3615902	+1.10%	Minneapolis-St. Paul-Bloomington, MN-WI MSA | St. Cloud, MN MSA | Faribault-Northfield, MN µSA | Red Wing, MN µSA | Hutchinson, MN µSA
  16	Denver-Aurora-Boulder, CO CSA                                  	      3157520	    3090874	+2.16%	Denver-Aurora-Broomfield, CO MSA | Boulder, CO MSA | Greeley, CO MSA
  17	San Diego-Carlsbad-San Marcos, CA MSA                          	      3140069	    3095313	+1.45%
  18	St. Louis-St. Charles-Farmington, MO-IL CSA                    	      2882932	    2878255	+0.16%	St. Louis, MO-IL MSA | Farmington, MO µSA
  19	Cleveland-Akron-Elyria, OH CSA                                 	      2871084	    2881937	-0.38%	Cleveland-Elyria-Mentor, OH MSA | Akron, OH MSA | Ashtabula, OH µSA
  20	Orlando-Deltona-Daytona Beach, FL CSA                          	      2861296	    2818120	+1.53%	Orlando-Kissimmee-Sanford, FL MSA | Deltona-Daytona Beach-Ormond Beach, FL MSA | Palm Coast, FL MSA | The Villages, FL µSA
  21	Tampa-St. Petersburg-Clearwater, FL MSA                        	      2824724	    2783243	+1.49%
  22	Sacramento-Arden-Arcade-Yuba City, CA-NV CSA                   	      2489230	    2461780	+1.12%	Sacramento-Arden Arcade-Roseville, CA MSA | Yuba City, CA MSA | Truckee-Grass Valley, CA µSA | Gardnerville Ranchos, NV µSA
  23	Pittsburgh-New Castle, PA CSA                                  	      2450281	    2447393	+0.12%	Pittsburgh, PA MSA | New Castle, PA µSA
  24	Charlotte-Gastonia-Salisbury, NC-SC CSA                        	      2442564	    2402623	+1.66%	Charlotte-Gastonia-Concord, NC-SC MSA | Statesville-Mooresville, NC µSA | Salisbury, NC µSA | Shelby, NC µSA | Lancaster, SC µSA | Lincolnton, NC µSA | Albemarle, NC µSA | Chester, SC µSA
  25	Portland-Vancouver-Hillsboro, OR-WA MSA                        	      2262605	    2226009	+1.64%
  26	San Antonio-New Braunfels, TX MSA                              	      2194927	    2142508	+2.45%
  27	Cincinnati-Middletown-Wilmington, OH-KY-IN CSA                 	      2179965	    2172191	+0.36%	Cincinnati-Middletown, OH-KY-IN MSA | Wilmington, OH µSA
  28	Kansas City-Overland Park-Kansas City, MO-KS CSA               	      2122908	    2104853	+0.86%	Kansas City, MO-KS MSA | Warrensburg, MO µSA | Atchison, KS µSA
  29	Indianapolis-Anderson-Columbus, IN CSA                         	      2103574	    2080782	+1.10%	Indianapolis-Carmel, IN MSA | Anderson, IN MSA | Columbus, IN MSA | New Castle, IN µSA | Crawfordsville, IN µSA | North Vernon, IN µSA
  30	Columbus-Marion-Chillicothe, OH CSA                            	      2093185	    2071052	+1.07%	Columbus, OH MSA | Chillicothe, OH µSA | Marion, OH µSA | Mount Vernon, OH µSA | Washington Court House, OH µSA
  31	Las Vegas-Paradise-Pahrump, NV CSA                             	      2013326	    1995215	+0.91%	Las Vegas-Paradise, NV MSA | Pahrump, NV µSA
  32	Austin-Round Rock-Marble Falls, TX CSA                         	      1826636	    1759039	+3.84%	Austin-Round Rock-San Marcos, TX MSA | Marble Falls, TX µSA
  33	Raleigh-Durham-Cary, NC CSA                                    	      1795750	    1749525	+2.64%	Raleigh-Cary, NC MSA | Durham-Chapel Hill, NC MSA | Dunn, NC µSA
  34	Salt Lake City-Ogden-Clearfield, UT CSA                        	      1776528	    1744886	+1.81%	Salt Lake City, UT MSA | Ogden-Clearfield, UT MSA | Brigham City, UT µSA | Heber, UT µSA
  35	Milwaukee-Racine-Waukesha, WI CSA                              	      1757604	    1751316	+0.36%	Milwaukee-Waukesha-West Allis, WI MSA | Racine, WI MSA
  36	Nashville-Davidson-Murfreesboro-Columbia, TN CSA               	      1698651	    1670890	+1.66%	Nashville-Davidson-Murfreesboro-Franklin, TN MSA | Columbia, TN µSA
  37	Virginia Beach-Norfolk-Newport News, VA-NC MSA                 	      1679894	    1671683	+0.49%
  38	Greensboro-Winston-Salem-High Point, NC CSA                    	      1602693	    1589200	+0.85%	Greensboro-High Point, NC MSA | Winston-Salem, NC MSA | Thomasville-Lexington, NC µSA | Burlington, NC MSA | Mount Airy, NC µSA
  39	Louisville/Jefferson County-Elizabethtown-Scottsburg, KY-IN CSA	      1440607	    1427483	+0.92%	Louisville/Jefferson County, KY-IN MSA | Elizabethtown, KY MSA | Scottsburg, IN µSA
  40	Jacksonville, FL MSA                                           	      1360251	    1345596	+1.09%
  41	Oklahoma City-Shawnee, OK CSA                                  	      1348333	    1322429	+1.96%	Oklahoma City, OK MSA | Shawnee, OK µSA
  42	Hartford-West Hartford-Willimantic, CT CSA                     	      1331406	    1330809	+0.04%	Hartford-West Hartford-East Hartford, CT MSA | Willimantic, CT µSA
  43	Grand Rapids-Muskegon-Holland, MI CSA                          	      1328440	    1321557	+0.52%	Grand Rapids-Wyoming, MI MSA | Holland-Grand Haven, MI MSA | Muskegon-Norton Shores, MI MSA | Allegan, MI µSA
  44	Memphis, TN-MS-AR MSA                                          	      1325605	    1316100	+0.72%
  45	Greenville-Spartanburg-Anderson, SC CSA                        	      1281394	    1266995	+1.14%	Greenville-Mauldin-Easley, SC MSA | Spartanburg, SC MSA | Anderson, SC MSA | Seneca, SC µSA | Gaffney, SC µSA | Union, SC µSA
  46	Richmond, VA MSA                                               	      1269380	    1258251	+0.88%
  47	New Orleans-Metairie-Bogalusa, LA CSA                          	      1238228	    1214932	+1.92%	New Orleans-Metairie-Kenner, LA MSA | Bogalusa, LA µSA
  48	Buffalo-Niagara-Cattaraugus, NY CSA                            	      1213871	    1215826	-0.16%	Buffalo-Niagara Falls, NY MSA | Olean, NY µSA
  49	Birmingham-Hoover-Cullman, AL CSA                              	      1212800	    1208453	+0.36%	Birmingham-Hoover, AL MSA | Cullman, AL µSA
  50	Albany-Schenectady-Amsterdam, NY CSA                           	      1168120	    1168485	-0.03%	Albany-Schenectady-Troy, NY MSA | Glens Falls, NY MSA | Hudson, NY µSA | Gloversville, NY µSA | Amsterdam, NY µSA
  51	Rochester-Batavia-Seneca Falls, NY CSA                         	      1150469	    1149653	+0.07%	Rochester, NY MSA | Batavia, NY µSA | Seneca Falls, NY µSA
  52	Fresno-Madera, CA CSA                                          	      1095829	    1081315	+1.34%	Fresno, CA MSA | Madera-Chowchilla, CA MSA
  53	Dayton-Springfield-Greenville, OH CSA                          	      1075683	    1072891	+0.26%	Dayton, OH MSA | Springfield, OH MSA | Greenville, OH µSA | Urbana, OH µSA
  54	Knoxville-Sevierville-La Follette, TN CSA                      	      1063354	    1055086	+0.78%	Knoxville, TN MSA | Morristown, TN MSA | Sevierville, TN µSA | Harriman, TN µSA | La Follette, TN µSA | Newport, TN µSA
  55	Tulsa-Bartlesville, OK CSA                                     	       998438	     988454	+1.01%	Tulsa, OK MSA | Bartlesville, OK µSA
  56	Tucson, AZ MSA                                                 	       989569	     980263	+0.95%
  57	Honolulu, HI MSA                                               	       963607	     953207	+1.09%
  58	Omaha-Council Bluffs-Fremont, NE-IA CSA                        	       913883	     902041	+1.31%	Omaha-Council Bluffs, NE-IA MSA | Fremont, NE µSA
  59	Albuquerque, NM MSA                                            	       898642	     887077	+1.30%
  60	Little Rock-North Little Rock-Pine Bluff, AR CSA               	       886992	     877091	+1.13%	Little Rock-North Little Rock-Conway, AR MSA | Pine Bluff, AR MSA | Searcy, AR µSA
  61	Sarasota-Bradenton-Punta Gorda, FL CSA                         	       869866	     862259	+0.88%	Bradenton-Sarasota-Venice, FL MSA | Punta Gorda, FL MSA
  62	Bakersfield-Delano, CA MSA                                     	       851710	     839631	+1.44%
  63	Baton Rouge-Pierre Part, LA CSA                                	       831395	     825905	+0.66%	Baton Rouge, LA MSA | Pierre Part, LA µSA
  64	Allentown-Bethlehem-Easton, PA-NJ MSA                          	       824916	     821173	+0.46%
  65	El Paso, TX MSA                                                	       820790	     800647	+2.52%
  66	Columbia-Newberry, SC CSA                                      	       814837	     805106	+1.21%	Columbia, SC MSA | Newberry, SC µSA
  67	McAllen-Edinburg-Mission, TX MSA                               	       797810	     774769	+2.97%
  68	Syracuse-Auburn, NY CSA                                        	       742291	     742603	-0.04%	Syracuse, NY MSA | Auburn, NY µSA
  69	Toledo-Fremont, OH CSA                                         	       711000	     712373	-0.19%	Toledo, OH MSA | Fremont, OH µSA
  70	Chattanooga-Cleveland-Athens, TN-GA CSA                        	       702714	     696197	+0.94%	Chattanooga, TN-GA MSA | Cleveland, TN MSA | Athens, TN µSA
  71	Lexington-Fayette-Frankfort-Richmond, KY CSA                   	       696340	     687173	+1.33%	Lexington-Fayette, KY MSA | Richmond-Berea, KY µSA | Frankfort, KY µSA | Mount Sterling, KY µSA
  72	Stockton, CA MSA                                               	       696214	     685306	+1.59%
  73	Springfield, MA MSA                                            	       693204	     692942	+0.04%
  74	Harrisburg-Carlisle-Lebanon, PA CSA                            	       687222	     683043	+0.61%	Harrisburg-Carlisle, PA MSA | Lebanon, PA MSA
  75	Charleston-North Charleston-Summerville, SC MSA                	       682121	     664607	+2.64%
  76	Youngstown-Warren-East Liverpool, OH-PA CSA                    	       670309	     673614	-0.49%	Youngstown-Warren-Boardman, OH-PA MSA | East Liverpool-Salem, OH µSA
  77	Wichita-Winfield, KS CSA                                       	       661798	     659372	+0.37%	Wichita, KS MSA | Winfield, KS µSA
  78	Colorado Springs, CO MSA                                       	       660319	     645613	+2.28%
  79	Des Moines-Newton-Pella, IA CSA                                	       650137	     639784	+1.62%	Des Moines-West Des Moines, IA MSA | Newton, IA µSA | Pella, IA µSA
  80	Madison-Baraboo, WI CSA                                        	       638757	     630569	+1.30%	Madison, WI MSA | Baraboo, WI µSA
  81	Cape Coral-Fort Myers, FL MSA                                  	       631330	     618754	+2.03%
  82	Boise City-Nampa, ID MSA                                       	       627664	     616561	+1.80%
  83	Portland-Lewiston-South Portland, ME CSA                       	       623205	     621800	+0.23%	Portland-South Portland-Biddeford, ME MSA | Lewiston-Auburn, ME MSA
  84	Fort Wayne-Huntington-Auburn, IN CSA                           	       615077	     611712	+0.55%	Fort Wayne, IN MSA | Kendallville, IN µSA | Auburn, IN µSA | Huntington, IN µSA | Decatur, IN µSA | Angola, IN µSA
  85	Lakeland-Winter Haven, FL MSA                                  	       609492	     602095	+1.23%
  86	Mobile-Daphne-Fairhope, AL CSA                                 	       599294	     595257	+0.68%	Mobile, AL MSA | Daphne-Fairhope-Foley, AL µSA
  87	Huntsville-Decatur, AL CSA                                     	       579550	     571422	+1.42%	Huntsville, AL MSA | Decatur, AL MSA
  88	Jackson-Yazoo City, MS CSA                                     	       573280	     567122	+1.09%	Jackson, MS MSA | Yazoo City, MS µSA
  89	Port St. Lucie-Sebastian-Vero Beach, FL CSA                    	       566768	     562135	+0.82%	Port St. Lucie, FL MSA | Sebastian-Vero Beach, FL MSA
  90	South Bend-Elkhart-Mishawaka, IN-MI CSA                        	       564679	     563834	+0.15%	South Bend-Mishawaka, IN-MI MSA | Elkhart-Goshen, IN MSA | Plymouth, IN µSA
  91	Scranton-Wilkes-Barre, PA MSA                                  	       563223	     563631	-0.07%
  92	Augusta-Richmond County, GA-SC MSA                             	       561858	     556877	+0.89%
  93	Lafayette-Acadiana, LA CSA                                     	       554517	     550134	+0.80%	Lafayette, LA MSA | Opelousas-Eunice, LA µSA | New Iberia, LA µSA | Crowley, LA µSA | Abbeville, LA µSA
  94	Palm Bay-Melbourne-Titusville, FL MSA                          	       543566	     543376	+0.03%
  95	Provo-Orem, UT MSA                                             	       540834	     526810	+2.66%
  96	York-Hanover-Gettysburg, PA CSA                                	       538204	     536379	+0.34%	York-Hanover, PA MSA | Gettysburg, PA µSA
  97	Lansing-East Lansing-Owosso, MI CSA                            	       534979	     534684	+0.06%	Lansing-East Lansing, MI MSA | Owosso, MI µSA
  98	Lancaster, PA MSA                                              	       523594	     519445	+0.80%
  99	Modesto, CA MSA                                                	       518522	     514453	+0.79%
 100	Johnson City-Kingsport-Bristol (Tri-Cities), TN-VA CSA         	       509611	     508260	+0.27%	Kingsport-Bristol-Bristol, TN-VA MSA | Johnson City, TN MSA
 101	Reno-Sparks-Fernley, NV CSA                                    	       481477	     477397	+0.85%	Reno-Sparks, NV MSA | Fernley, NV µSA
 102	Fayetteville-Springdale-Rogers, AR-MO MSA                      	       473830	     463204	+2.29%
 103	Spokane, WA MSA                                                	       473761	     471221	+0.54%
 104	Columbus-Auburn-Opelika, GA-AL CSA                             	       466089	     456564	+2.09%	Columbus, GA-AL MSA | Auburn-Opelika, AL MSA | Tuskegee, AL µSA
 105	Corpus Christi-Kingsville, TX CSA                              	       464014	     460662	+0.73%	Corpus Christi, TX MSA | Kingsville, TX µSA
 106	Asheville-Brevard, NC CSA                                      	       461837	     457948	+0.85%	Asheville, NC MSA | Brevard, NC µSA
 107	Pensacola-Ferry Pass-Brent, FL MSA                             	       453218	     448991	+0.94%
 108	Visalia-Porterville, CA MSA                                    	       449253	     442179	+1.60%
 109	Rockford-Freeport-Rochelle, IL CSA                             	       449038	     450639	-0.36%	Rockford, IL MSA | Rochelle, IL µSA | Freeport, IL µSA
 110	Shreveport-Bossier City-Minden, LA CSA                         	       444883	     439811	+1.15%	Shreveport-Bossier City, LA MSA | Minden, LA µSA
 111	Springfield, MO MSA                                            	       440142	     436712	+0.79%
 112	Brownsville-Harlingen-Raymondville, TX CSA                     	       436218	     428354	+1.84%	Brownsville-Harlingen, TX MSA | Raymondville, TX µSA
 113	Savannah-Hinesville-Fort Stewart, GA CSA                       	       436163	     425528	+2.50%	Savannah, GA MSA | Hinesville-Fort Stewart, GA MSA
 114	Montgomery-Alexander City, AL CSA                              	       430944	     427691	+0.76%	Montgomery, AL MSA | Alexander City, AL µSA
 115	Santa Barbara-Santa Maria-Goleta, CA MSA                       	       426878	     423895	+0.70%
 116	Salinas, CA MSA                                                	       421898	     415057	+1.65%
 117	Peoria-Canton, IL CSA                                          	       416518	     416255	+0.06%	Peoria, IL MSA | Canton, IL µSA
 118	Gulfport-Biloxi-Pascagoula, MS CSA                             	       416301	     411066	+1.27%	Gulfport-Biloxi, MS MSA | Pascagoula, MS MSA
 119	Killeen-Temple-Fort Hood, TX MSA                               	       411595	     405300	+1.55%
 120	Macon-Warner Robins-Fort Valley, GA CSA                        	       404668	     399888	+1.20%	Macon, GA MSA | Warner Robins, GA MSA | Fort Valley, GA µSA
 121	Canton-Massillon, OH MSA                                       	       403869	     404422	-0.14%
 122	Appleton-Oshkosh-Neenah, WI CSA                                	       395102	     392660	+0.62%	Appleton, WI MSA | Oshkosh-Neenah, WI MSA
 123	Salem, OR MSA                                                  	       394865	     390738	+1.06%
 124	Beaumont-Port Arthur, TX MSA                                   	       390535	     388745	+0.46%
 125	Anchorage, AK MSA                                              	       387516	     380821	+1.76%
 126	Davenport-Moline-Rock Island, IA-IL MSA                        	       381342	     379690	+0.44%
 127	Fayetteville, NC MSA                                           	       374157	     366383	+2.12%
 128	Tallahassee, FL MSA                                            	       369758	     367413	+0.64%
 129	Wilmington, NC MSA                                             	       369685	     362315	+2.03%
 130	Hickory-Lenoir-Morganton, NC MSA                               	       364567	     365497	-0.25%
 131	Evansville, IN-KY MSA                                          	       359879	     358676	+0.34%
 132	Eugene-Springfield, OR MSA                                     	       353416	     351715	+0.48%
 133	Myrtle Beach-Conway-Georgetown, SC CSA                         	       336331	     329449	+2.09%	Myrtle Beach-North Myrtle Beach-Conway, SC MSA | Georgetown, SC µSA
 134	Ocala, FL MSA                                                  	       332529	     331298	+0.37%
 135	Kalamazoo-Portage, MI MSA                                      	       328205	     326589	+0.49%
 136	Naples-Marco Island, FL MSA                                    	       328134	     321520	+2.06%
 137	Lubbock-Levelland, TX CSA                                      	       312894	     307825	+1.65%	Lubbock, TX MSA | Levelland, TX µSA
 138	Green Bay, WI MSA                                              	       309469	     306241	+1.05%
 139	Roanoke, VA MSA                                                	       308861	     308707	+0.05%
 140	Lincoln, NE MSA                                                	       306503	     302157	+1.44%
 141	Saginaw-Bay City-Saginaw Township North, MI CSA                	       306198	     307940	-0.57%	Saginaw-Saginaw Township North, MI MSA | Bay City, MI MSA
 142	Fort Collins-Loveland, CO MSA                                  	       305525	     299630	+1.97%
 143	Charleston, WV MSA                                             	       303674	     304284	-0.20%
 144	Fort Smith, AR-OK MSA                                          	       300087	     298592	+0.50%
 145	Utica-Rome, NY MSA                                             	       298447	     299397	-0.32%
 146	Huntington-Ashland, WV-KY-OH MSA                               	       287599	     287702	-0.04%
 147	Longview-Marshall, TX CSA                                      	       282962	     280000	+1.06%	Longview, TX MSA | Marshall, TX µSA
 148	Erie, PA MSA                                                   	       280985	     280566	+0.15%
 149	Midland-Odessa, TX CSA                                         	       280419	     274002	+2.34%	Odessa, TX MSA | Midland, TX MSA
 150	Duluth, MN-WI MSA                                              	       279815	     279771	+0.02%
 151	Clarksville, TN-KY MSA                                         	       277701	     273949	+1.37%
 152	Atlantic City-Hammonton, NJ MSA                                	       274338	     274549	-0.08%
 153	Norwich-New London, CT MSA                                     	       273502	     274055	-0.20%
 154	San Luis Obispo-Paso Robles, CA MSA                            	       271969	     269637	+0.86%
 155	Hagerstown-Martinsburg, MD-WV MSA                              	       271488	     269140	+0.87%
 156	Gainesville, FL MSA                                            	       266369	     264275	+0.79%
 157	Tyler-Jacksonville, TX CSA                                     	       264521	     260559	+1.52%	Tyler, TX MSA | Jacksonville, TX µSA
 158	Kennewick-Pasco-Richland, WA MSA                               	       264133	     253340	+4.26%
 159	Cedar Rapids, IA MSA                                           	       260575	     257940	+1.02%
 160	Merced, CA MSA                                                 	       259898	     255793	+1.60%
 161	Laredo, TX MSA                                                 	       256496	     250304	+2.47%
 162	Lynchburg, VA MSA                                              	       254171	     252634	+0.61%
 163	Amarillo, TX MSA                                               	       253823	     249881	+1.58%
 164	Binghamton, NY MSA                                             	       250074	     251725	-0.66%
 165	Yakima, WA MSA                                                 	       247141	     243231	+1.61%
 166	Dothan-Enterprise-Ozark, AL CSA                                	       247132	     245838	+0.53%	Dothan, AL MSA | Enterprise-Ozark, AL µSA
 167	Waco, TX MSA                                                   	       238564	     234906	+1.56%
 168	Lafayette-Frankfort, IN CSA                                    	       236712	     235013	+0.72%	Lafayette, IN MSA | Frankfort, IN µSA
 169	Fargo-Wahpeton, ND-MN CSA                                      	       235008	     231674	+1.44%	Fargo, ND-MN MSA | Wahpeton, ND-MN µSA
 170	Topeka, KS MSA                                                 	       234647	     233870	+0.33%
 171	Lake Charles-Jennings, LA CSA                                  	       232516	     231201	+0.57%	Lake Charles, LA MSA | Jennings, LA µSA
 172	Sioux Falls, SD MSA                                            	       232433	     228261	+1.83%
 173	Champaign-Urbana, IL MSA                                       	       232336	     231891	+0.19%
 174	College Station-Bryan, TX MSA                                  	       231623	     228660	+1.30%
 175	Tuscaloosa, AL MSA                                             	       221553	     219461	+0.95%
 176	Chico, CA MSA                                                  	       220266	     220000	+0.12%
 177	Claremont-Lebanon, NH-VT CSA                                   	       218057	     218466	-0.19%	Lebanon, NH-VT µSA | Claremont, NH µSA
 178	Barnstable Town, MA MSA                                        	       215769	     215888	-0.06%
 179	Las Cruces, NM MSA                                             	       213598	     209233	+2.09%
 180	Burlington-South Burlington, VT MSA                            	       212535	     211261	+0.60%
 181	Prescott, AZ MSA                                               	       211888	     211033	+0.41%
 182	Springfield, IL MSA                                            	       211547	     210170	+0.66%
 183	Houma-Bayou Cane-Thibodaux, LA MSA                             	       208583	     208178	+0.19%
 184	Eau Claire-Menomonie, WI CSA                                   	       206628	     205008	+0.79%	Eau Claire, WI MSA | Menomonie, WI µSA
 185	Florence, SC MSA                                               	       206161	     205566	+0.29%
 186	Monroe-Bastrop, LA CSA                                         	       205259	     204420	+0.41%	Monroe, LA MSA | Bastrop, LA µSA
 187	Medford, OR MSA                                                	       204822	     203206	+0.80%
 188	Albany-Corvallis-Lebanon, OR CSA                               	       204050	     202251	+0.89%	Albany-Lebanon, OR µSA | Corvallis, OR MSA
 189	Charlottesville, VA MSA                                        	       203882	     201559	+1.15%
 190	Bellingham, WA MSA                                             	       203663	     201140	+1.25%
 191	Lake Havasu City-Kingman, AZ MSA                               	       202351	     200186	+1.08%
 192	Yuma, AZ MSA                                                   	       200870	     195751	+2.62%
 193	Seaford, DE µSA                                                	       200330	     197145	+1.62%
 194	Bloomington, IN MSA                                            	       194193	     192714	+0.77%
 195	Athens-Clarke County, GA MSA                                   	       193317	     192541	+0.40%
 196	Greenville, NC MSA                                             	       192690	     189510	+1.68%
 197	Fond du Lac-Beaver Dam, WI CSA                                 	       190740	     190392	+0.18%	Fond du Lac, WI MSA | Beaver Dam, WI µSA
 198	Hilton Head Island-Beaufort, SC µSA                            	       189879	     187010	+1.53%
 199	Rochester, MN MSA                                              	       187612	     186011	+0.86%
 200	Hilo, HI µSA                                                   	       186738	     185079	+0.90%
 201	Santa Fe-Espanola, NM CSA                                      	       186094	     184416	+0.91%	Santa Fe, NM MSA | Espanola, NM µSA
 202	Crestview-Fort Walton Beach-Destin, FL MSA                     	       183482	     180822	+1.47%
 203	Bend-Prineville, OR CSA                                        	       181177	     178711	+1.38%	Bend, OR MSA | Prineville, OR µSA
 204	Lima-Van Wert-Wapakoneta, OH CSA                               	       180533	     181024	-0.27%	Lima, OH MSA | Wapakoneta, OH µSA | Van Wert, OH µSA
 205	Jacksonville, NC MSA                                           	       179719	     177772	+1.10%
 206	Sunbury-Lewisburg-Selinsgrove, PA CSA                          	       179224	     179177	+0.03%	Sunbury, PA µSA | Lewisburg, PA µSA | Selinsgrove, PA µSA
 207	Idaho Falls-Blackfoot, ID CSA                                  	       178025	     175981	+1.16%	Idaho Falls, ID MSA | Blackfoot, ID µSA
 208	Redding, CA MSA                                                	       177774	     177223	+0.31%
 209	El Centro, CA MSA                                              	       177057	     174528	+1.45%
 210	Salisbury-Ocean Pines, MD CSA                                  	       177043	     176657	+0.22%	Salisbury, MD MSA | Ocean Pines, MD µSA
 211	Joplin, MO MSA                                                 	       176849	     175518	+0.76%
 212	Columbia, MO MSA                                               	       175831	     172786	+1.76%
 213	Terre Haute, IN MSA                                            	       172663	     172425	+0.14%
 214	Lumberton-Laurinburg, NC CSA                                   	       171378	     170325	+0.62%	Lumberton, NC µSA | Laurinburg, NC µSA
 215	Bloomington-Normal, IL MSA                                     	       170556	     169572	+0.58%
 216	East Stroudsburg, PA µSA                                       	       169882	     169842	+0.02%
 217	Panama City-Lynn Haven-Panama City Beach, FL MSA               	       169856	     168852	+0.59%
 218	Waterloo-Cedar Falls, IA MSA                                   	       168289	     167819	+0.28%
 219	Mansfield-Bucyrus, OH CSA                                      	       166899	     168259	-0.81%	Mansfield, OH MSA | Bucyrus, OH µSA
 220	Abilene, TX MSA                                                	       166416	     165252	+0.70%
 221	Jonesboro-Paragould, AR CSA                                    	       165549	     163116	+1.49%	Jonesboro, AR MSA | Paragould, AR µSA
 222	Jackson-Humboldt, TN CSA                                       	       165331	     165108	+0.14%	Jackson, TN MSA | Humboldt, TN µSA
 223	Dover, DE MSA                                                  	       164834	     162310	+1.56%
 224	Wausau-Merrill, WI CSA                                         	       163002	     162806	+0.12%	Wausau, WI MSA | Merrill, WI µSA
 225	Blacksburg-Christiansburg-Radford, VA MSA                      	       162487	     162958	-0.29%
 226	Parkersburg-Marietta-Vienna, WV-OH MSA                         	       162248	     162056	+0.12%
 227	Pueblo, CO MSA                                                 	       160545	     159063	+0.93%
 228	Billings, MT MSA                                               	       160097	     158050	+1.30%
 229	Janesville, WI MSA                                             	       160092	     160331	-0.15%
 230	Jackson, MI MSA                                                	       159748	     160248	-0.31%
 231	Sioux City-Vermillion, IA-NE-SD CSA                            	       158113	     157441	+0.43%	Sioux City, IA-NE-SD MSA | Vermillion, SD µSA
 232	Albany, GA MSA                                                 	       157688	     157308	+0.24%
 233	Niles-Benton Harbor, MI MSA                                    	       156941	     156813	+0.08%
 234	Kahului-Wailuku, HI µSA                                        	       156674	     154834	+1.19%
 235	Williamsport-Lock Haven, PA CSA                                	       155955	     155349	+0.39%	Williamsport, PA MSA | Lock Haven, PA µSA
 236	Iowa City, IA MSA                                              	       154893	     152586	+1.51%
 237	State College, PA MSA                                          	       154722	     153990	+0.48%
 238	Alexandria, LA MSA                                             	       154505	     153922	+0.38%
 239	Ottawa-Streator, IL µSA                                        	       154092	     154908	-0.53%
 240	Bangor, ME MSA                                                 	       153786	     153923	-0.09%
 241	Hanford-Corcoran, CA MSA                                       	       153765	     152982	+0.51%
 242	Rocky Mount, NC MSA                                            	       152157	     152392	-0.15%
 243	Fairmont-Clarksburg, WV CSA                                    	       151109	     150614	+0.33%	Clarksburg, WV µSA | Fairmont, WV µSA
 244	Ithaca-Cortland, NY CSA                                        	       151086	     150900	+0.12%	Ithaca, NY MSA | Cortland, NY µSA
 245	Chambersburg, PA µSA                                           	       150811	     149618	+0.80%
 246	Jefferson City, MO MSA                                         	       150480	     149807	+0.45%
 247	Wichita Falls, TX MSA                                          	       150261	     151306	-0.69%
 248	Pottsville, PA µSA                                             	       147513	     148289	-0.52%
 249	Florence-Muscle Shoals, AL MSA                                 	       147293	     147137	+0.11%
 250	Wheeling, WV-OH MSA                                            	       147197	     147950	-0.51%
 251	Grand Junction, CO MSA                                         	       147083	     146723	+0.25%
 252	Hattiesburg, MS MSA                                            	       145428	     142842	+1.81%
 253	Traverse City, MI µSA                                          	       144411	     143372	+0.72%
 254	Johnstown, PA MSA                                              	       143728	     143679	+0.03%
 255	Dalton, GA MSA                                                 	       142741	     142227	+0.36%
 256	Valdosta, GA MSA                                               	       142307	     139588	+1.95%
 257	St. George, UT MSA                                             	       141666	     138115	+2.57%
 258	Coeur d'Alene, ID MSA                                          	       141132	     138494	+1.90%
 259	Homosassa Springs, FL µSA                                      	       140031	     141236	-0.85%
 260	Tupelo, MS µSA                                                 	       137388	     136268	+0.82%
 261	Paducah-Mayfield, KY-IL CSA                                    	       136609	     135883	+0.53%	Paducah, KY-IL µSA | Mayfield, KY µSA
 262	Texarkana, TX-Texarkana, AR MSA                                	       136552	     136027	+0.39%
 263	Cape Girardeau-Sikeston-Jackson, MO-IL CSA                     	       136160	     135466	+0.51%	Cape Girardeau-Jackson, MO-IL MSA | Sikeston, MO µSA
 264	Battle Creek, MI MSA                                           	       135490	     136146	-0.48%
 265	Kokomo-Peru, IN CSA                                            	       135199	     135591	-0.29%	Kokomo, IN MSA | Peru, IN µSA
 266	Eureka-Arcata-Fortuna, CA µSA                                  	       134761	     134623	+0.10%
 267	Flagstaff, AZ MSA                                              	       134511	     134421	+0.07%
 268	La Crosse, WI-MN MSA                                           	       134488	     133665	+0.62%
 269	Jamestown-Dunkirk-Fredonia, NY µSA                             	       134368	     134905	-0.40%
 270	Sierra Vista-Douglas, AZ µSA                                   	       133289	     131346	+1.48%
 271	Morgantown, WV MSA                                             	       132251	     129709	+1.96%
 272	Findlay-Tiffin, OH CSA                                         	       131525	     131527	0.00% 	Findlay, OH µSA | Tiffin, OH µSA
 273	Pittsfield, MA MSA                                             	       130458	     131219	-0.58%
 274	Manhattan, KS MSA                                              	       130240	     127081	+2.49%
 275	Rapid City, SD MSA                                             	       128361	     126382	+1.57%
 276	Farmington, NM MSA                                             	       128200	     130044	-1.42%
 277	New Bern, NC µSA                                               	       128003	     126802	+0.95%
 278	Bowling Green, KY MSA                                          	       127607	     125953	+1.31%
 279	St. Joseph, MO-KS MSA                                          	       127574	     127329	+0.19%
 280	Logan, UT-ID MSA                                               	       127549	     125442	+1.68%
 281	Altoona, PA MSA                                                	       127099	     127089	+0.01%
 282	Carbondale-Marion-Herrin, IL CSA                               	       126987	     126575	+0.33%	Marion-Herrin, IL µSA | Carbondale, IL µSA
 283	Harrisonburg, VA MSA                                           	       126562	     125228	+1.07%
 284	Lawton, OK MSA                                                 	       125815	     124098	+1.38%
 285	Beckley-Oak Hill, WV CSA                                       	       124826	     124898	-0.06%	Beckley, WV µSA | Oak Hill, WV µSA
 286	Goldsboro, NC MSA                                              	       123697	     122623	+0.88%
 287	Steubenville-Weirton, OH-WV MSA                                	       123243	     124454	-0.97%
 288	Hammond, LA µSA                                                	       122571	     121097	+1.22%
 289	Augusta-Waterville, ME µSA                                     	       121935	     122151	-0.18%
 290	Staunton-Waynesboro, VA µSA                                    	       118629	     118502	+0.11%
 291	Watertown-Fort Drum, NY µSA                                    	       117910	     116229	+1.45%
 292	Anniston-Oxford, AL MSA                                        	       117797	     118572	-0.65%
 293	Muncie, IN MSA                                                 	       117660	     117671	-0.01%
 294	Victoria, TX MSA                                               	       116230	     115384	+0.73%
 295	Ames-Boone, IA CSA                                             	       115918	     115848	+0.06%	Ames, IA MSA | Boone, IA µSA
 296	Owensboro, KY MSA                                              	       115333	     114752	+0.51%
 297	Sheboygan, WI MSA                                              	       115149	     115507	-0.31%
 298	Wooster, OH µSA                                                	       114611	     114520	+0.08%
 299	San Angelo, TX MSA                                             	       113443	     111823	+1.45%
 300	Brunswick, GA MSA                                              	       112923	     112370	+0.49%
 301	Wenatchee-East Wenatchee, WA MSA                               	       112448	     110884	+1.41%
 302	Lawrence, KS MSA                                               	       112211	     110826	+1.25%
 303	Ogdensburg-Massena, NY µSA                                     	       111690	     111944	-0.23%
 304	Bismarck, ND MSA                                               	       110879	     108779	+1.93%
 305	Decatur, IL MSA                                                	       110730	     110768	-0.03%
 306	Missoula, MT MSA                                               	       110138	     109299	+0.77%
 307	Roseburg, OR µSA                                               	       107490	     107667	-0.16%
 308	Lexington Park, MD µSA                                         	       107484	     105151	+2.22%
 309	Sumter, SC MSA                                                 	       107460	     107456	+0.00%
 310	Show Low, AZ µSA                                               	       107398	     107449	-0.05%
 311	Meridian, MS µSA                                               	       107364	     107449	-0.08%
 312	Bluefield, WV-VA µSA                                           	       107180	     107342	-0.15%
 313	Cookeville, TN µSA                                             	       106498	     106042	+0.43%
 314	Danville, VA MSA                                               	       105696	     106561	-0.81%
 315	Gadsden, AL MSA                                                	       104303	     104430	-0.12%
 316	Whitewater, WI µSA                                             	       102931	     102228	+0.69%
 317	Cumberland, MD-WV MSA                                          	       102884	     103299	-0.40%
 318	Longview, WA MSA                                               	       102478	     102410	+0.07%
 319	Twin Falls, ID µSA                                             	       100687	      99604	+1.09%
 320	Tullahoma, TN µSA                                              	       100344	     100210	+0.13%
 321	Adrian, MI µSA                                                 	        99440	      99892	-0.45%
 322	Fairbanks, AK MSA                                              	        99192	      97581	+1.65%
 323	Corning, NY µSA                                                	        99033	      98990	+0.04%
 324	Sebring, FL µSA                                                	        98630	      98786	-0.16%
 325	Grand Forks, ND-MN MSA                                         	        98054	      98461	-0.41%
 326	Mankato-North Mankato, MN MSA                                  	        97204	      96740	+0.48%
 327	Hot Springs, AR MSA                                            	        97124	      96024	+1.15%
 328	Ocean City, NJ MSA                                             	        96601	      97265	-0.68%
 329	Rome, GA MSA                                                   	        95989	      96317	-0.34%
 330	Corbin-London, KY CSA                                          	        95178	      94486	+0.73%	London, KY µSA | Corbin, KY µSA
 331	Dubuque, IA MSA                                                	        94648	      93653	+1.06%
 332	Albertville, AL µSA                                            	        94166	      93019	+1.23%
 333	Cheyenne, WY MSA                                               	        92680	      91738	+1.03%
 334	New Philadelphia-Dover, OH µSA                                 	        92508	      92582	-0.08%
 335	Orangeburg, SC µSA                                             	        91910	      92501	-0.64%
 336	Pocatello, ID MSA                                              	        91457	      90656	+0.88%
 337	Bozeman, MT µSA                                                	        91377	      89513	+2.08%
 338	Kalispell, MT µSA                                              	        91301	      90928	+0.41%
 339	Moses Lake, WA µSA                                             	        91265	      89120	+2.41%
 340	Brainerd, MN µSA                                               	        91153	      91067	+0.09%
 341	Southern Pines-Pinehurst, NC µSA                               	        89352	      88247	+1.25%
 342	Indiana, PA µSA                                                	        89298	      88880	+0.47%
 343	Elmira, NY MSA                                                 	        88840	      88830	+0.01%
 344	Meadville, PA µSA                                              	        88740	      88765	-0.03%
 345	Fort Polk South-DeRidder, LA CSA                               	        88236	      87988	+0.28%	Fort Polk South, LA µSA | De Ridder, LA µSA
 346	Pendleton-Hermiston, OR µSA                                    	        87894	      87062	+0.96%
 347	Lufkin, TX µSA                                                 	        87669	      86771	+1.03%
 348	Ukiah, CA µSA                                                  	        87553	      87841	-0.33%
 349	Zanesville, OH µSA                                             	        86237	      86074	+0.19%
 350	Bloomsburg-Berwick, PA µSA                                     	        85772	      85562	+0.25%
 351	Branson, MO µSA                                                	        84999	      83877	+1.34%
 352	Laurel, MS µSA                                                 	        84852	      84823	+0.03%
 353	Russellville, AR µSA                                           	        84391	      83939	+0.54%
 354	Midland, MI µSA                                                	        84063	      83629	+0.52%
 355	Watertown-Fort Atkinson, WI µSA                                	        83943	      83686	+0.31%
 356	Grants Pass, OR µSA                                            	        82987	      82713	+0.33%
 357	Plattsburgh, NY µSA                                            	        81945	      82128	-0.22%
 358	Great Falls, MT MSA                                            	        81837	      81327	+0.63%
 359	Talladega-Sylacauga, AL µSA                                    	        81664	      82291	-0.76%
 360	Danville, IL MSA                                               	        81509	      81625	-0.14%
 361	Wilson, NC µSA                                                 	        81452	      81234	+0.27%
 362	DuBois, PA µSA                                                 	        81445	      81642	-0.24%
 363	Manitowoc, WI µSA                                              	        80976	      81442	-0.57%
 364	Columbus-West Point, MS CSA                                    	        80127	      80413	-0.36%	Columbus, MS µSA | West Point, MS µSA
 365	Portsmouth, OH µSA                                             	        79277	      79499	-0.28%
 366	Stillwater, OK µSA                                             	        77988	      77350	+0.82%
 367	Somerset, PA µSA                                               	        77405	      77742	-0.43%
 368	Warsaw, IN µSA                                                 	        77336	      77358	-0.03%
 369	Quincy, IL-MO µSA                                              	        77314	      77314	0.00%
 370	Keene, NH µSA                                                  	        76918	      77117	-0.26%
 371	Sandusky, OH MSA                                               	        76751	      77079	-0.43%
 372	Casper, WY MSA                                                 	        76366	      75450	+1.21%
 373	Roanoke Rapids, NC µSA                                         	        76066	      76790	-0.94%
 374	Centralia, WA µSA                                              	        75901	      75455	+0.59%
 375	Helena, MT µSA                                                 	        75699	      74801	+1.20%
 376	Marshfield-Wisconsin Rapids, WI µSA                            	        74785	      74749	+0.05%
 377	Palatka, FL µSA                                                	        74041	      74364	-0.43%
 378	Key West, FL µSA                                               	        73873	      73090	+1.07%
 379	Gallup, NM µSA                                                 	        73664	      71492	+3.04%
 380	Grand Island, NE µSA                                           	        73551	      72726	+1.13%
 381	Union City-Martin, TN-KY CSA                                   	        73525	      73641	-0.16%	Union City, TN-KY µSA | Martin, TN µSA
 382	Statesboro, GA µSA                                             	        72881	      70217	+3.79%
 383	Aberdeen, WA µSA                                               	        72546	      72797	-0.34%
 384	Minot, ND µSA                                                  	        72067	      69540	+3.63%
 385	Port Angeles, WA µSA                                           	        71838	      71404	+0.61%
 386	Fort Payne, AL µSA                                             	        71375	      71109	+0.37%
 387	Muskogee, OK µSA                                               	        71003	      70990	+0.02%
 388	Galesburg, IL µSA                                              	        70735	      70626	+0.15%
 389	Mount Pleasant, MI µSA                                         	        70622	      70311	+0.44%
 390	Clovis-Portales, NM CSA                                        	        70095	      68222	+2.75%	Clovis, NM µSA | Portales, NM µSA
 391	Stevens Point, WI µSA                                          	        70084	      70019	+0.09%
 392	Greenwood, SC µSA                                              	        69835	      69661	+0.25%
 393	Marion, IN µSA                                                 	        69793	      70061	-0.38%
 394	Greeneville, TN µSA                                            	        69339	      68831	+0.74%
 395	North Wilkesboro, NC µSA                                       	        68984	      69340	-0.51%
 396	Richmond, IN µSA                                               	        68643	      68917	-0.40%
 397	Kapaa, HI µSA                                                  	        67701	      67091	+0.91%
 398	Marquette, MI µSA                                              	        67694	      67077	+0.92%
 399	Forest City, NC µSA                                            	        67538	      67810	-0.40%
 400	Lake City, FL µSA                                              	        67485	      67531	-0.07%
 401	Morehead City, NC µSA                                          	        67373	      66469	+1.36%
 402	Martinsville, VA µSA                                           	        67300	      67972	-0.99%
 403	Klamath Falls, OR µSA                                          	        66299	      66380	-0.12%
 404	Roswell, NM µSA                                                	        65890	      65645	+0.37%
 405	Alamogordo, NM µSA                                             	        65703	      63797	+2.99%
 406	Marinette, WI-MI µSA                                           	        65586	      65778	-0.29%
 407	Nacogdoches, TX µSA                                            	        65466	      64524	+1.46%
 408	Hobbs, NM µSA                                                  	        65423	      64727	+1.08%
 409	Charleston-Mattoon, IL µSA                                     	        65012	      64921	+0.14%
 410	Athens, OH µSA                                                 	        64769	      64757	+0.02%
 411	Hutchinson, KS µSA                                             	        64607	      64511	+0.15%
 412	Clearlake, CA µSA                                              	        64323	      64665	-0.53%
 413	Elizabeth City, NC µSA                                         	        64197	      64094	+0.16%
 414	Somerset, KY µSA                                               	        63657	      63063	+0.94%
 415	Red Bluff, CA µSA                                              	        63601	      63463	+0.22%
 416	Ruston, LA µSA                                                 	        63179	      63009	+0.27%
 417	Sayre, PA µSA                                                  	        62917	      62622	+0.47%
 418	Coos Bay, OR µSA                                               	        62791	      63043	-0.40%
 419	Salina, KS µSA                                                 	        61963	      61697	+0.43%
 420	Oneonta, NY µSA                                                	        61917	      62259	-0.55%
 421	Rio Grande City-Roma, TX µSA                                   	        61715	      60968	+1.23%
 422	Lewiston, ID-WA MSA                                            	        61476	      60888	+0.97%
 423	Rutland, VT µSA                                                	        61289	      61642	-0.57%
 424	Sturgis, MI µSA                                                	        61136	      61295	-0.26%
 425	Enid, OK µSA                                                   	        60670	      60580	+0.15%
 426	Barre, VT µSA                                                  	        59626	      59534	+0.15%
 427	Walla Walla, WA µSA                                            	        59588	      58781	+1.37%
 428	Norwalk, OH µSA                                                	        59496	      59626	-0.22%
 429	Kinston, NC µSA                                                	        59339	      59495	-0.26%
 430	Edwards, CO µSA                                                	        59281	      59507	-0.38%
 431	Sanford, NC µSA                                                	        58752	      57866	+1.53%
 432	Sterling, IL µSA                                               	        58388	      58498	-0.19%
 433	Palestine, TX µSA                                              	        58308	      58458	-0.26%
 434	Point Pleasant, WV-OH µSA                                      	        58268	      58258	+0.02%
 435	Dublin, GA µSA                                                 	        57924	      58414	-0.84%
 436	Ardmore, OK µSA                                                	        57482	      56980	+0.88%
 437	Fergus Falls, MN µSA                                           	        57252	      57303	-0.09%
 438	Crossville, TN µSA                                             	        56632	      56053	+1.03%
 439	Picayune, MS µSA                                               	        55718	      55834	-0.21%
 440	Calhoun, GA µSA                                                	        55621	      55186	+0.79%
 441	Carson City, NV MSA                                            	        55439	      55274	+0.30%
 442	Eagle Pass, TX µSA                                             	        55405	      54258	+2.11%
 443	Waycross, GA µSA                                               	        55244	      55070	+0.32%
 444	Phoenix Lake-Cedar Ridge, CA µSA                               	        54953	      55365	-0.74%
 445	Jasper, IN µSA                                                 	        54927	      54734	+0.35%
 446	Oil City, PA µSA                                               	        54683	      54984	-0.55%
 447	Morgan City, LA µSA                                            	        54210	      54650	-0.81%
 448	Muscatine, IA µSA                                              	        54184	      54132	+0.10%
 449	Carlsbad-Artesia, NM µSA                                       	        54152	      53829	+0.60%
 450	Milledgeville, GA µSA                                          	        53817	      55149	-2.42%
 451	Ontario, OR-ID µSA                                             	        53692	      53936	-0.45%
 452	McComb, MS µSA                                                 	        53470	      53535	-0.12%
 453	Scottsboro, AL µSA                                             	        53291	      53227	+0.12%
 454	Danville, KY µSA                                               	        53281	      53174	+0.20%
 455	Kearney, NE µSA                                                	        53278	      52591	+1.31%
 456	Fort Leonard Wood, MO µSA                                      	        53175	      52274	+1.72%
 457	Ashland, OH µSA                                                	        53153	      53139	+0.03%
 458	Payson, AZ µSA                                                 	        53144	      53597	-0.85%
 459	Natchez, MS-LA µSA                                             	        52943	      53119	-0.33%
 460	Glasgow, KY µSA                                                	        52342	      52272	+0.13%
 461	Durango, CO µSA                                                	        51917	      51334	+1.14%
 462	Malone, NY µSA                                                 	        51551	      51599	-0.09%
 463	Mason City, IA µSA                                             	        51482	      51749	-0.52%
 464	Elko, NV µSA                                                   	        51470	      50805	+1.31%
 465	Winona, MN µSA                                                 	        51378	      51461	-0.16%
 466	Boone, NC µSA                                                  	        51333	      51079	+0.50%
 467	Douglas, GA µSA                                                	        51277	      50731	+1.08%
 468	Platteville, WI µSA                                            	        51210	      51208	+0.00%
 469	Rexburg, ID µSA                                                	        50992	      50778	+0.42%
 470	St. Marys, GA µSA                                              	        50410	      50513	-0.20%
 471	Greenville, MS µSA                                             	        50406	      51137	-1.43%
 472	Paris, TX µSA                                                  	        50074	      49793	+0.56%
 473	Kerrville, TX µSA                                              	        49783	      49625	+0.32%
 474	Sidney, OH µSA                                                 	        49307	      49423	-0.23%
 475	Del Rio, TX µSA                                                	        49106	      48879	+0.46%
 476	Clinton, IA µSA                                                	        49015	      49116	-0.21%
 477	Oxford, MS µSA                                                 	        48472	      47351	+2.37%
 478	Vicksburg, MS µSA                                              	        48346	      48773	-0.88%
 479	Norfolk, NE µSA                                                	        48302	      48271	+0.06%
 480	Corsicana, TX µSA                                              	        48054	      47735	+0.67%
 481	Tahlequah, OK µSA                                              	        47845	      46987	+1.83%
 482	Starkville, MS µSA                                             	        47741	      47671	+0.15%
 483	Washington, NC µSA                                             	        47691	      47759	-0.14%
 484	Nogales, AZ µSA                                                	        47676	      47420	+0.54%
 485	Cadillac, MI µSA                                               	        47629	      47584	+0.09%
 486	Burlington, IA-IL µSA                                          	        47365	      47656	-0.61%
 487	Cañon City, CO µSA                                             	        47347	      46824	+1.12%
 488	Mount Vernon, IL µSA                                           	        47138	      47284	-0.31%
 489	Madisonville, KY µSA                                           	        46909	      46920	-0.02%
 490	Lewistown, PA µSA                                              	        46858	      46682	+0.38%
 491	Cedar City, UT µSA                                             	        46740	      46163	+1.25%
 492	Gillette, WY µSA                                               	        46618	      46133	+1.05%
 493	Rockingham, NC µSA                                             	        46611	      46639	-0.06%
 494	Bedford, IN µSA                                                	        46195	      46134	+0.13%
 495	Ponca City, OK µSA                                             	        46159	      46562	-0.87%
 496	Blytheville, AR µSA                                            	        45966	      46480	-1.11%
 497	Huntingdon, PA µSA                                             	        45875	      45913	-0.08%
 498	Safford, AZ µSA                                                	        45753	      45657	+0.21%
 499	Bellefontaine, OH µSA                                          	        45688	      45858	-0.37%
 500	Moultrie, GA µSA                                               	        45645	      45498	+0.32%
 501	McAlester, OK µSA                                              	        45625	      45837	-0.46%
 502	Shelbyville, TN µSA                                            	        45509	      45058	+1.00%
 503	Harrison, AR µSA                                               	        45315	      45233	+0.18%
 504	Henderson, NC µSA                                              	        45307	      45422	-0.25%
 505	Bemidji, MN µSA                                                	        45264	      44442	+1.85%
 506	Duncan, OK µSA                                                 	        45197	      45048	+0.33%
 506	Coldwater, MI µSA                                              	        45197	      45248	-0.11%
 508	Pullman, WA µSA                                                	        45077	      44776	+0.67%
 509	Rolla, MO µSA                                                  	        45020	      45156	-0.30%
 510	Thomasville, GA µSA                                            	        44702	      44720	-0.04%
 511	Rock Springs, WY µSA                                           	        44175	      43806	+0.84%
 512	Burley, ID µSA                                                 	        43341	      43021	+0.74%
 513	Selma, AL µSA                                                  	        43332	      43820	-1.11%
 514	Big Rapids, MI µSA                                             	        43300	      42798	+1.17%
 515	Cornelia, GA µSA                                               	        43279	      43041	+0.55%
 516	Bradford, PA µSA                                               	        43222	      43450	-0.52%
 517	Durant, OK µSA                                                 	        43089	      42416	+1.59%
 518	Poplar Bluff, MO µSA                                           	        43082	      42794	+0.67%
 519	Seymour, IN µSA                                                	        42966	      42376	+1.39%
 520	Fort Madison-Keokuk, IA-MO µSA                                 	        42640	      43001	-0.84%
 521	Greenwood, MS µSA                                              	        42234	      42914	-1.58%
 522	Sedalia, MO µSA                                                	        42178	      42201	-0.05%
 523	Willmar, MN µSA                                                	        42173	      42239	-0.16%
 524	Alma, MI µSA                                                   	        42145	      42476	-0.78%
 525	Lawrenceburg, TN µSA                                           	        42115	      41869	+0.59%
 526	Ellensburg, WA µSA                                             	        41629	      40915	+1.75%
 527	Mountain Home, AR µSA                                          	        41536	      41513	+0.06%
 528	Tifton, GA µSA                                                 	        41461	      40118	+3.35%
 529	Warren, PA µSA                                                 	        41441	      41815	-0.89%
 530	El Dorado, AR µSA                                              	        41427	      41639	-0.51%
 531	Alice, TX µSA                                                  	        41339	      40838	+1.23%
 532	El Campo, TX µSA                                               	        41314	      41280	+0.08%
 533	Montrose, CO µSA                                               	        41011	      41276	-0.64%
 534	Marshalltown, IA µSA                                           	        40980	      40648	+0.82%
 535	Aberdeen, SD µSA                                               	        40878	      40602	+0.68%
 536	Celina, OH µSA                                                 	        40838	      40814	+0.06%
 537	Jacksonville, IL µSA                                           	        40814	      40902	-0.22%
 538	West Plains, MO µSA                                            	        40665	      40400	+0.66%
 539	Riverton, WY µSA                                               	        40579	      40123	+1.14%
 540	Okeechobee, FL µSA                                             	        40140	      39996	+0.36%
 541	McMinnville, TN µSA                                            	        39927	      39839	+0.22%
 541	Cambridge, OH µSA                                              	        39927	      40087	-0.40%
 543	Rockland, ME µSA                                               	        39708	      39736	-0.07%
 544	Natchitoches, LA µSA                                           	        39442	      39566	-0.31%
 545	Austin, MN µSA                                                 	        39349	      39163	+0.47%
 546	Centralia, IL µSA                                              	        39335	      39437	-0.26%
 547	Pittsburg, KS µSA                                              	        39220	      39134	+0.22%
 548	Clewiston, FL µSA                                              	        39089	      39140	-0.13%
 549	Hannibal, MO µSA                                               	        38998	      38948	+0.13%
 550	Berlin, NH-VT µSA                                              	        38979	      39361	-0.97%
 551	Pontiac, IL µSA                                                	        38885	      38950	-0.17%
 552	Defiance, OH µSA                                               	        38884	      39037	-0.39%
 553	Logansport, IN µSA                                             	        38828	      38966	-0.35%
 554	Houghton, MI µSA                                               	        38811	      38784	+0.07%
 555	Sault Ste. Marie, MI µSA                                       	        38797	      38520	+0.72%
 556	Walterboro, SC µSA                                             	        38611	      38892	-0.72%
 557	Vincennes, IN µSA                                              	        38500	      38440	+0.16%
 558	Stephenville, TX µSA                                           	        38266	      37890	+0.99%
 559	Dyersburg, TN µSA                                              	        38192	      38335	-0.37%
 560	Brownwood, TX µSA                                              	        38186	      38106	+0.21%
 561	Easton, MD µSA                                                 	        38025	      37782	+0.64%
 562	Ada, OK µSA                                                    	        37799	      37492	+0.82%
 563	Scottsbluff, NE µSA                                            	        37728	      37660	+0.18%
 564	Moscow, ID µSA                                                 	        37704	      37244	+1.24%
 565	Hastings, NE µSA                                               	        37702	      37906	-0.54%
 566	Fort Dodge, IA µSA                                             	        37660	      38013	-0.93%
 567	Murray, KY µSA                                                 	        37544	      37191	+0.95%
 568	Americus, GA µSA                                               	        37531	      37829	-0.79%
 569	North Platte, NE µSA                                           	        37456	      37590	-0.36%
 570	Astoria, OR µSA                                                	        37153	      37039	+0.31%
 571	Escanaba, MI µSA                                               	        37105	      37069	+0.10%
 572	Garden City, KS µSA                                            	        37083	      36776	+0.83%
 573	Corinth, MS µSA                                                	        37052	      37057	-0.01%
 574	Bennington, VT µSA                                             	        36970	      37125	-0.42%
 575	Coshocton, OH µSA                                              	        36955	      36901	+0.15%
 576	Monroe, WI µSA                                                 	        36891	      36842	+0.13%
 577	Laramie, WY µSA                                                	        36889	      36299	+1.63%
 578	Batesville, AR µSA                                             	        36861	      36647	+0.58%
 579	Emporia, KS µSA                                                	        36581	      36480	+0.28%
 580	Owatonna, MN µSA                                               	        36534	      36576	-0.11%
 581	Vidalia, GA µSA                                                	        36499	      36346	+0.42%
 582	Plainview, TX µSA                                              	        36498	      36273	+0.62%
 583	Alexandria, MN µSA                                             	        36172	      36009	+0.45%
 584	Lebanon, MO µSA                                                	        35636	      35571	+0.18%
 585	Dixon, IL µSA                                                  	        35467	      36031	-1.57%
 586	Ottumwa, IA µSA                                                	        35421	      35625	-0.57%
 587	Sulphur Springs, TX µSA                                        	        35371	      35161	+0.60%
 588	Big Spring, TX µSA                                             	        35122	      35012	+0.31%
 589	Coffeyville, KS µSA                                            	        34911	      35471	-1.58%
 590	Arcadia, FL µSA                                                	        34894	      34862	+0.09%
 591	Brookhaven, MS µSA                                             	        34889	      34869	+0.06%
 592	Taylorville, IL µSA                                            	        34865	      34800	+0.19%
 593	Dodge City, KS µSA                                             	        34568	      33848	+2.13%
 594	Butte-Silver Bow, MT µSA                                       	        34383	      34200	+0.54%
 595	Kill Devil Hills, NC µSA                                       	        34307	      33920	+1.14%
 596	Effingham, IL µSA                                              	        34280	      34242	+0.11%
 597	Susanville, CA µSA                                             	        34200	      34895	-1.99%
 598	Brenham, TX µSA                                                	        33791	      33718	+0.22%
 599	Cleveland, MS µSA                                              	        33771	      34145	-1.10%
 600	Watertown, SD µSA                                              	        33420	      33130	+0.88%
 601	Vernal, UT µSA                                                 	        33163	      32588	+1.76%
 602	Taos, NM µSA                                                   	        32917	      32937	-0.06%
 603	Troy, AL µSA                                                   	        32915	      32899	+0.05%
 604	Cambridge, MD µSA                                              	        32640	      32618	+0.07%
 605	Wabash, IN µSA                                                 	        32608	      32888	-0.85%
 606	Mount Pleasant, TX µSA                                         	        32596	      32334	+0.81%
 607	Columbus, NE µSA                                               	        32593	      32237	+1.10%
 608	Macomb, IL µSA                                                 	        32582	      32612	-0.09%
 609	Paris, TN µSA                                                  	        32352	      32330	+0.07%
 610	Madison, IN µSA                                                	        32249	      32428	-0.55%
 611	Brookings, SD µSA                                              	        32226	      31965	+0.82%
 612	Juneau, AK µSA                                                 	        32164	      31275	+2.84%
 613	Beeville, TX µSA                                               	        32095	      31861	+0.73%
 614	Kennett, MO µSA                                                	        31974	      31953	+0.07%
 615	Miami, OK µSA                                                  	        31860	      31848	+0.04%
 616	Dillon, SC µSA                                                 	        31758	      32062	-0.95%
 617	St. Marys, PA µSA                                              	        31751	      31946	-0.61%
 618	Jackson, WY-ID µSA                                             	        31714	      31464	+0.79%
 619	Hope, AR µSA                                                   	        31558	      31606	-0.15%
 620	Maysville, KY µSA                                              	        31531	      31360	+0.55%
 621	Central City, KY µSA                                           	        31272	      31499	-0.72%
 622	Albert Lea, MN µSA                                             	        31172	      31255	-0.27%
 623	Camden, AR µSA                                                 	        31024	      31488	-1.47%
 624	Lewisburg, TN µSA                                              	        30881	      30617	+0.86%
 625	Iron Mountain, MI-WI µSA                                       	        30625	      30591	+0.11%
 626	Jesup, GA µSA                                                  	        30327	      30099	+0.76%
 627	Lincoln, IL µSA                                                	        30140	      30305	-0.54%
 628	Kirksville, MO µSA                                             	        29933	      30038	-0.35%
 629	Eufaula, AL-GA µSA                                             	        29583	      29970	-1.29%
 630	Alpena, MI µSA                                                 	        29386	      29598	-0.72%
 631	Silver City, NM µSA                                            	        29380	      29514	-0.45%
 632	Las Vegas, NM µSA                                              	        29301	      29393	-0.31%
 633	Indianola, MS µSA                                              	        29296	      29450	-0.52%
 634	McPherson, KS µSA                                              	        29241	      29180	+0.21%
 635	Sheridan, WY µSA                                               	        29239	      29116	+0.42%
 636	Washington Court House, OH µSA                                 	        28985	      29030	-0.16%
 637	Hays, KS µSA                                                   	        28742	      28452	+1.02%
 638	Middlesborough, KY µSA                                         	        28725	      28691	+0.12%
 639	Crescent City, CA µSA                                          	        28659	      28610	+0.17%
 640	Bennettsville, SC µSA                                          	        28509	      28933	-1.47%
 641	Fort Morgan, CO µSA                                            	        28175	      28159	+0.06%
 642	Silverthorne, CO µSA                                           	        27972	      27994	-0.08%
 643	Forrest City, AR µSA                                           	        27970	      28258	-1.02%
 644	Wauchula, FL µSA                                               	        27887	      27731	+0.56%
 645	Great Bend, KS µSA                                             	        27841	      27674	+0.60%
 646	Weatherford, OK µSA                                            	        27750	      27469	+1.02%
 647	Bainbridge, GA µSA                                             	        27694	      27842	-0.53%
 648	Grants, NM µSA                                                 	        27658	      27213	+1.64%
 649	Fitzgerald, GA µSA                                             	        27352	      27172	+0.66%
 650	Uvalde, TX µSA                                                 	        26535	      26405	+0.49%
 651	Altus, OK µSA                                                  	        26447	      26446	+0.00%
 652	Mountain Home, ID µSA                                          	        26346	      27038	-2.56%
 653	Dickinson, ND µSA                                              	        25993	      24982	+4.05%
 654	Toccoa, GA µSA                                                 	        25960	      26175	-0.82%
 655	Greensburg, IN µSA                                             	        25944	      25740	+0.79%
 656	Clarksdale, MS µSA                                             	        25913	      26151	-0.91%
 657	Marshall, MN µSA                                               	        25891	      25857	+0.13%
 658	La Grande, OR µSA                                              	        25791	      25748	+0.17%
 659	Summerville, GA µSA                                            	        25736	      26015	-1.07%
 660	New Ulm, MN µSA                                                	        25734	      25893	-0.61%
 661	Mexico, MO µSA                                                 	        25566	      25529	+0.14%
 662	Moberly, MO µSA                                                	        25346	      25414	-0.27%
 663	Deming, NM µSA                                                 	        25281	      25095	+0.74%
 664	The Dalles, OR µSA                                             	        25234	      25213	+0.08%
 665	Fredericksburg, TX µSA                                         	        25114	      24837	+1.12%
 666	Harrisburg, IL µSA                                             	        24981	      24913	+0.27%
 667	Campbellsville, KY µSA                                         	        24731	      24512	+0.89%
 668	Fallon, NV µSA                                                 	        24637	      24877	-0.96%
 669	Magnolia, AR µSA                                               	        24401	      24552	-0.62%
 670	Williston, ND µSA                                              	        24374	      22398	+8.82%
 671	Spearfish, SD µSA                                              	        24312	      24097	+0.89%
 672	Connersville, IN µSA                                           	        24285	      24277	+0.03%
 673	Cordele, GA µSA                                                	        23710	      23439	+1.16%
 674	Pampa, TX µSA                                                  	        23571	      23464	+0.46%
 675	Maryville, MO µSA                                              	        23468	      23370	+0.42%
 676	Liberal, KS µSA                                                	        23328	      22952	+1.64%
 677	Marshall, MO µSA                                               	        23280	      23370	-0.39%
 678	Mitchell, SD µSA                                               	        23027	      22835	+0.84%
 679	Arkadelphia, AR µSA                                            	        22858	      22995	-0.60%
 680	Sterling, CO µSA                                               	        22619	      22709	-0.40%
 681	Yankton, SD µSA                                                	        22612	      22438	+0.78%
 682	Oskaloosa, IA µSA                                              	        22530	      22381	+0.67%
 683	Hood River, OR µSA                                             	        22493	      22346	+0.66%
 684	Brookings, OR µSA                                              	        22426	      22364	+0.28%
 685	Elk City, OK µSA                                               	        22288	      22119	+0.76%
 686	Borger, TX µSA                                                 	        22132	      22150	-0.08%
 687	Beatrice, NE µSA                                               	        22031	      22311	-1.25%
 688	Dumas, TX µSA                                                  	        21954	      21904	+0.23%
 689	Grenada, MS µSA                                                	        21706	      21906	-0.91%
 690	Parsons, KS µSA                                                	        21511	      21607	-0.44%
 691	Helena-West Helena, AR µSA                                     	        21442	      21757	-1.45%
 692	Worthington, MN µSA                                            	        21397	      21378	+0.09%
 693	Price, UT µSA                                                  	        21318	      21403	-0.40%
 694	Guymon, OK µSA                                                 	        21312	      20640	+3.26%
 695	Jamestown, ND µSA                                              	        21062	      21100	-0.18%
 696	Evanston, WY µSA                                               	        20985	      21118	-0.63%
 697	Fairmont, MN µSA                                               	        20689	      20840	-0.72%
 698	Ruidoso, NM µSA                                                	        20454	      20497	-0.21%
 699	Storm Lake, IA µSA                                             	        20406	      20260	+0.72%
 700	Pierre, SD µSA                                                 	        20294	      19988	+1.53%
 701	Woodward, OK µSA                                               	        20034	      20081	-0.23%
 702	Hereford, TX µSA                                               	        19595	      19372	+1.15%
 703	Bishop, CA µSA                                                 	        18478	      18546	-0.37%
 704	Brownsville, TN µSA                                            	        18470	      18787	-1.69%
 705	Los Alamos, NM µSA                                             	        18222	      17950	+1.52%
 706	Huron, SD µSA                                                  	        17550	      17398	+0.87%
 707	Snyder, TX µSA                                                 	        16919	      16921	-0.01%
 708	Spirit Lake, IA µSA                                            	        16899	      16667	+1.39%
 709	Spencer, IA µSA                                                	        16590	      16667	-0.46%
 710	Havre, MT µSA                                                  	        16397	      16096	+1.87%
 711	Andrews, TX µSA                                                	        15445	      14786	+4.46%
 712	Sweetwater, TX µSA                                             	        15269	      15216	+0.35%
 713	Kodiak, AK µSA                                                 	        13872	      13592	+2.06%
 714	Pecos, TX µSA                                                  	        13757	      13783	-0.19%
 715	Lamesa, TX µSA                                                 	        13751	      13833	-0.59%
 716	Ketchikan, AK µSA                                              	        13593	      13477	+0.86%
 717	Vernon, TX µSA                                                 	        13404	      13535	-0.97%
 718	Tallulah, LA µSA                                               	        12004	      12093	-0.74%
