Black                      	000000	  0   0   0
Navy Blue                  	000080	  0   0 128
Dark Blue                  	0000c8	  0   0 200
Blue                       	0000ff	  0   0 255
Stratos                    	000741	  0   7  65
Swamp                      	001b1c	  0  27  28
Resolution Blue            	002387	  0  35 135
Deep Fir                   	002900	  0  41   0
Burnham                    	002e20	  0  46  32
International Klein Blue   	002fa7	  0  47 167
Prussian Blue              	003153	  0  49  83
Midnight Blue              	003366	  0  51 102
Smalt                      	003399	  0  51 153
Deep Teal                  	003532	  0  53  50
Cyprus                     	003e40	  0  62  64
Kaitoke Green              	004620	  0  70  32
Cobalt                     	0047ab	  0  71 171
Crusoe                     	004816	  0  72  22
Sherpa Blue                	004950	  0  73  80
Endeavour                  	0056a7	  0  86 167
Camarone                   	00581a	  0  88  26
Science Blue               	0066cc	  0 102 204
Blue Ribbon                	0066ff	  0 102 255
Tropical Rain Forest       	00755e	  0 117  94
Allports                   	0076a3	  0 118 163
Deep Cerulean              	007ba7	  0 123 167
Lochmara                   	007ec7	  0 126 199
Azure Radiance             	007fff	  0 127 255
Teal                       	008080	  0 128 128
Bondi Blue                 	0095b6	  0 149 182
Pacific Blue               	009dc4	  0 157 196
Persian Green              	00a693	  0 166 147
Jade                       	00a86b	  0 168 107
Caribbean Green            	00cc99	  0 204 153
Robin's Egg Blue           	00cccc	  0 204 204
Green                      	00ff00	  0 255   0
Spring Green               	00ff7f	  0 255 127
Cyan / Aqua                	00ffff	  0 255 255
Blue Charcoal              	010d1a	  1  13  26
Midnight                   	011635	  1  22  53
Holly                      	011d13	  1  29  19
Daintree                   	012731	  1  39  49
Cardin Green               	01361c	  1  54  28
County Green               	01371a	  1  55  26
Astronaut Blue             	013e62	  1  62  98
Regal Blue                 	013f6a	  1  63 106
Aqua Deep                  	014b43	  1  75  67
Orient                     	015e85	  1  94 133
Blue Stone                 	016162	  1  97  98
Fun Green                  	016d39	  1 109  57
Pine Green                 	01796f	  1 121 111
Blue Lagoon                	017987	  1 121 135
Deep Sea                   	01826b	  1 130 107
Green Haze                 	01a368	  1 163 104
English Holly              	022d15	  2  45  21
Sherwood Green             	02402c	  2  64  44
Congress Blue              	02478e	  2  71 142
Evening Sea                	024e46	  2  78  70
Bahama Blue                	026395	  2  99 149
Observatory                	02866f	  2 134 111
Cerulean                   	02a4d3	  2 164 211
Tangaroa                   	03163c	  3  22  60
Green Vogue                	032b52	  3  43  82
Mosque                     	036a6e	  3 106 110
Midnight Moss              	041004	  4  16   4
Black Pearl                	041322	  4  19  34
Blue Whale                 	042e4c	  4  46  76
Zuccini                    	044022	  4  64  34
Teal Blue                  	044259	  4  66  89
Deep Cove                  	051040	  5  16  64
Gulf Blue                  	051657	  5  22  87
Venice Blue                	055989	  5  89 137
Watercourse                	056f57	  5 111  87
Catalina Blue              	062a78	  6  42 120
Tiber                      	063537	  6  53  55
Gossamer                   	069b81	  6 155 129
Niagara                    	06a189	  6 161 137
Tarawera                   	073a50	  7  58  80
Jaguar                     	080110	  8   1  16
Black Bean                 	081910	  8  25  16
Deep Sapphire              	082567	  8  37 103
Elf Green                  	088370	  8 131 112
Bright Turquoise           	08e8de	  8 232 222
Downriver                  	092256	  9  34  86
Palm Green                 	09230f	  9  35  15
Madison                    	09255d	  9  37  93
Bottle Green               	093624	  9  54  36
Deep Sea Green             	095859	  9  88  89
Salem                      	097f4b	  9 127  75
Black Russian              	0a001c	 10   0  28
Dark Fern                  	0a480d	 10  72  13
Japanese Laurel            	0a6906	 10 105   6
Atoll                      	0a6f75	 10 111 117
Cod Gray                   	0b0b0b	 11  11  11
Marshland                  	0b0f08	 11  15   8
Gordons Green              	0b1107	 11  17   7
Black Forest               	0b1304	 11  19   4
San Felix                  	0b6207	 11  98   7
Malachite                  	0bda51	 11 218  81
Ebony                      	0c0b1d	 12  11  29
Woodsmoke                  	0c0d0f	 12  13  15
Racing Green               	0c1911	 12  25  17
Surfie Green               	0c7a79	 12 122 121
Blue Chill                 	0c8990	 12 137 144
Black Rock                 	0d0332	 13   3  50
Bunker                     	0d1117	 13  17  23
Aztec                      	0d1c19	 13  28  25
Bush                       	0d2e1c	 13  46  28
Cinder                     	0e0e18	 14  14  24
Firefly                    	0e2a30	 14  42  48
Torea Bay                  	0f2d9e	 15  45 158
Vulcan                     	10121d	 16  18  29
Green Waterloo             	101405	 16  20   5
Eden                       	105852	 16  88  82
Arapawa                    	110c6c	 17  12 108
Ultramarine                	120a8f	 18  10 143
Elephant                   	123447	 18  52  71
Jewel                      	126b40	 18 107  64
Diesel                     	130000	 19   0   0
Asphalt                    	130a06	 19  10   6
Blue Zodiac                	13264d	 19  38  77
Parsley                    	134f19	 19  79  25
Nero                       	140600	 20   6   0
Tory Blue                  	1450aa	 20  80 170
Bunting                    	151f4c	 21  31  76
Denim                      	1560bd	 21  96 189
Genoa                      	15736b	 21 115 107
Mirage                     	161928	 22  25  40
Hunter Green               	161d10	 22  29  16
Big Stone                  	162a40	 22  42  64
Celtic                     	163222	 22  50  34
Timber Green               	16322c	 22  50  44
Gable Green                	163531	 22  53  49
Pine Tree                  	171f04	 23  31   4
Chathams Blue              	175579	 23  85 121
Deep Forest Green          	182d09	 24  45   9
Blumine                    	18587a	 24  88 122
Palm Leaf                  	19330e	 25  51  14
Nile Blue                  	193751	 25  55  81
Fun Blue                   	1959a8	 25  89 168
Lucky Point                	1a1a68	 26  26 104
Mountain Meadow            	1ab385	 26 179 133
Tolopea                    	1b0245	 27   2  69
Haiti                      	1b1035	 27  16  53
Deep Koamaru               	1b127b	 27  18 123
Acadia                     	1b1404	 27  20   4
Seaweed                    	1b2f11	 27  47  17
Biscay                     	1b3162	 27  49  98
Matisse                    	1b659d	 27 101 157
Crowshead                  	1c1208	 28  18   8
Rangoon Green              	1c1e13	 28  30  19
Persian Blue               	1c39bb	 28  57 187
Everglade                  	1c402e	 28  64  46
Elm                        	1c7c7d	 28 124 125
Green Pea                  	1d6142	 29  97  66
Creole                     	1e0f04	 30  15   4
Karaka                     	1e1609	 30  22   9
El Paso                    	1e1708	 30  23   8
Cello                      	1e385b	 30  56  91
Te Papa Green              	1e433c	 30  67  60
Dodger Blue                	1e90ff	 30 144 255
Eastern Blue               	1e9ab0	 30 154 176
Night Rider                	1f120f	 31  18  15
Java                       	1fc2c2	 31 194 194
Jacksons Purple            	20208d	 32  32 141
Cloud Burst                	202e54	 32  46  84
Blue Dianne                	204852	 32  72  82
Eternity                   	211a0e	 33  26  14
Deep Blue                  	220878	 34   8 120
Forest Green               	228b22	 34 139  34
Mallard                    	233418	 35  52  24
Violet                     	240a40	 36  10  64
Kilamanjaro                	240c02	 36  12   2
Log Cabin                  	242a1d	 36  42  29
Black Olive                	242e16	 36  46  22
Green House                	24500f	 36  80  15
Graphite                   	251607	 37  22   7
Cannon Black               	251706	 37  23   6
Port Gore                  	251f4f	 37  31  79
Shark                      	25272c	 37  39  44
Green Kelp                 	25311c	 37  49  28
Curious Blue               	2596d1	 37 150 209
Paua                       	260368	 38   3 104
Paris M                    	26056a	 38   5 106
Wood Bark                  	261105	 38  17   5
Gondola                    	261414	 38  20  20
Steel Gray                 	262335	 38  35  53
Ebony Clay                 	26283b	 38  40  59
Bay of Many                	273a81	 39  58 129
Plantation                 	27504b	 39  80  75
Eucalyptus                 	278a5b	 39 138  91
Oil                        	281e15	 40  30  21
Astronaut                  	283a77	 40  58 119
Mariner                    	286acd	 40 106 205
Violent Violet             	290c5e	 41  12  94
Bastille                   	292130	 41  33  48
Zeus                       	292319	 41  35  25
Charade                    	292937	 41  41  55
Jelly Bean                 	297b9a	 41 123 154
Jungle Green               	29ab87	 41 171 135
Cherry Pie                 	2a0359	 42   3  89
Coffee Bean                	2a140e	 42  20  14
Baltic Sea                 	2a2630	 42  38  48
Turtle Green               	2a380b	 42  56  11
Cerulean Blue              	2a52be	 42  82 190
Sepia Black                	2b0202	 43   2   2
Valhalla                   	2b194f	 43  25  79
Heavy Metal                	2b3228	 43  50  40
Blue Gem                   	2c0e8c	 44  14 140
Revolver                   	2c1632	 44  22  50
Bleached Cedar             	2c2133	 44  33  51
Lochinvar                  	2c8c84	 44 140 132
Mikado                     	2d2510	 45  37  16
Outer Space                	2d383a	 45  56  58
St Tropaz                  	2d569b	 45  86 155
Jacaranda                  	2e0329	 46   3  41
Jacko Bean                 	2e1905	 46  25   5
Rangitoto                  	2e3222	 46  50  34
Rhino                      	2e3f62	 46  63  98
Sea Green                  	2e8b57	 46 139  87
Scooter                    	2ebfd4	 46 191 212
Onion                      	2f270e	 47  39  14
Governor Bay               	2f3cb3	 47  60 179
Sapphire                   	2f519e	 47  81 158
Spectra                    	2f5a57	 47  90  87
Casal                      	2f6168	 47  97 104
Melanzane                  	300529	 48   5  41
Cocoa Brown                	301f1e	 48  31  30
Woodrush                   	302a0f	 48  42  15
San Juan                   	304b6a	 48  75 106
Turquoise                  	30d5c8	 48 213 200
Eclipse                    	311c17	 49  28  23
Pickled Bluewood           	314459	 49  68  89
Azure                      	315ba1	 49  91 161
Calypso                    	31728d	 49 114 141
Paradiso                   	317d82	 49 125 130
Persian Indigo             	32127a	 50  18 122
Blackcurrant               	32293a	 50  41  58
Mine Shaft                 	323232	 50  50  50
Stromboli                  	325d52	 50  93  82
Bilbao                     	327c14	 50 124  20
Astral                     	327da0	 50 125 160
Christalle                 	33036b	 51   3 107
Thunder                    	33292f	 51  41  47
Shamrock                   	33cc99	 51 204 153
Tamarind                   	341515	 52  21  21
Mardi Gras                 	350036	 53   0  54
Valentino                  	350e42	 53  14  66
Jagger                     	350e57	 53  14  87
Tuna                       	353542	 53  53  66
Chambray                   	354e8c	 53  78 140
Martinique                 	363050	 54  48  80
Tuatara                    	363534	 54  53  52
Waiouru                    	363c0d	 54  60  13
Ming                       	36747d	 54 116 125
La Palma                   	368716	 54 135  22
Chocolate                  	370202	 55   2   2
Clinker                    	371d09	 55  29   9
Brown Tumbleweed           	37290e	 55  41  14
Birch                      	373021	 55  48  33
Oracle                     	377475	 55 116 117
Blue Diamond               	380474	 56   4 116
Grape                      	381a51	 56  26  81
Dune                       	383533	 56  53  51
Oxford Blue                	384555	 56  69  85
Clover                     	384910	 56  73  16
Limed Spruce               	394851	 57  72  81
Dell                       	396413	 57 100  19
Toledo                     	3a0020	 58   0  32
Sambuca                    	3a2010	 58  32  16
Jacarta                    	3a2a6a	 58  42 106
William                    	3a686c	 58 104 108
Killarney                  	3a6a47	 58 106  71
Keppel                     	3ab09e	 58 176 158
Temptress                  	3b000b	 59   0  11
Aubergine                  	3b0910	 59   9  16
Jon                        	3b1f1f	 59  31  31
Treehouse                  	3b2820	 59  40  32
Amazon                     	3b7a57	 59 122  87
Boston Blue                	3b91b4	 59 145 180
Windsor                    	3c0878	 60   8 120
Rebel                      	3c1206	 60  18   6
Meteorite                  	3c1f76	 60  31 118
Dark Ebony                 	3c2005	 60  32   5
Camouflage                 	3c3910	 60  57  16
Bright Gray                	3c4151	 60  65  81
Cape Cod                   	3c4443	 60  68  67
Lunar Green                	3c493a	 60  73  58
Bean                       	3d0c02	 61  12   2
Bistre                     	3d2b1f	 61  43  31
Goblin                     	3d7d52	 61 125  82
Kingfisher Daisy           	3e0480	 62   4 128
Cedar                      	3e1c14	 62  28  20
English Walnut             	3e2b23	 62  43  35
Black Marlin               	3e2c1c	 62  44  28
Ship Gray                  	3e3a44	 62  58  68
Pelorous                   	3eabbf	 62 171 191
Bronze                     	3f2109	 63  33   9
Cola                       	3f2500	 63  37   0
Madras                     	3f3002	 63  48   2
Minsk                      	3f307f	 63  48 127
Cabbage Pont               	3f4c3a	 63  76  58
Tom Thumb                  	3f583b	 63  88  59
Mineral Green              	3f5d53	 63  93  83
Puerto Rico                	3fc1aa	 63 193 170
Harlequin                  	3fff00	 63 255   0
Brown Pod                  	401801	 64  24   1
Cork                       	40291d	 64  41  29
Masala                     	403b38	 64  59  56
Thatch Green               	403d19	 64  61  25
Fiord                      	405169	 64  81 105
Viridian                   	40826d	 64 130 109
Chateau Green              	40a860	 64 168  96
Ripe Plum                  	410056	 65   0  86
Paco                       	411f10	 65  31  16
Deep Oak                   	412010	 65  32  16
Merlin                     	413c37	 65  60  55
Gun Powder                 	414257	 65  66  87
East Bay                   	414c7d	 65  76 125
Royal Blue                 	4169e1	 65 105 225
Ocean Green                	41aa78	 65 170 120
Burnt Maroon               	420303	 66   3   3
Lisbon Brown               	423921	 66  57  33
Faded Jade                 	427977	 66 121 119
Scarlet Gum                	431560	 67  21  96
Iroko                      	433120	 67  49  32
Armadillo                  	433e37	 67  62  55
River Bed                  	434c59	 67  76  89
Green Leaf                 	436a0d	 67 106  13
Barossa                    	44012d	 68   1  45
Morocco Brown              	441d00	 68  29   0
Mako                       	444954	 68  73  84
Kelp                       	454936	 69  73  54
San Marino                 	456cac	 69 108 172
Picton Blue                	45b1e8	 69 177 232
Loulou                     	460b41	 70  11  65
Crater Brown               	462425	 70  36  37
Gray Asparagus             	465945	 70  89  69
Steel Blue                 	4682b4	 70 130 180
Rustic Red                 	480404	 72   4   4
Bulgarian Rose             	480607	 72   6   7
Clairvoyant                	480656	 72   6  86
Cocoa Bean                 	481c1c	 72  28  28
Woody Brown                	483131	 72  49  49
Taupe                      	483c32	 72  60  50
Van Cleef                  	49170c	 73  23  12
Brown Derby                	492615	 73  38  21
Metallic Bronze            	49371b	 73  55  27
Verdun Green               	495400	 73  84   0
Blue Bayoux                	496679	 73 102 121
Bismark                    	497183	 73 113 131
Bracken                    	4a2a04	 74  42   4
Deep Bronze                	4a3004	 74  48   4
Mondo                      	4a3c30	 74  60  48
Tundora                    	4a4244	 74  66  68
Gravel                     	4a444b	 74  68  75
Trout                      	4a4e5a	 74  78  90
Pigment Indigo             	4b0082	 75   0 130
Nandor                     	4b5d52	 75  93  82
Saddle                     	4c3024	 76  48  36
Abbey                      	4c4f56	 76  79  86
Blackberry                 	4d0135	 77   1  53
Cab Sav                    	4d0a18	 77  10  24
Indian Tan                 	4d1e01	 77  30   1
Cowboy                     	4d282d	 77  40  45
Livid Brown                	4d282e	 77  40  46
Rock                       	4d3833	 77  56  51
Punga                      	4d3d14	 77  61  20
Bronzetone                 	4d400f	 77  64  15
Woodland                   	4d5328	 77  83  40
Mahogany                   	4e0606	 78   6   6
Bossanova                  	4e2a5a	 78  42  90
Matterhorn                 	4e3b41	 78  59  65
Bronze Olive               	4e420c	 78  66  12
Mulled Wine                	4e4562	 78  69  98
Axolotl                    	4e6649	 78 102  73
Wedgewood                  	4e7f9e	 78 127 158
Shakespeare                	4eabd1	 78 171 209
Honey Flower               	4f1c70	 79  28 112
Daisy Bush                 	4f2398	 79  35 152
Indigo                     	4f69c6	 79 105 198
Fern Green                 	4f7942	 79 121  66
Fruit Salad                	4f9d5d	 79 157  93
Apple                      	4fa83d	 79 168  61
Mortar                     	504351	 80  67  81
Kashmir Blue               	507096	 80 112 150
Cutty Sark                 	507672	 80 118 114
Emerald                    	50c878	 80 200 120
Emperor                    	514649	 81  70  73
Chalet Green               	516e3d	 81 110  61
Como                       	517c66	 81 124 102
Smalt Blue                 	51808f	 81 128 143
Castro                     	52001f	 82   0  31
Maroon Oak                 	520c17	 82  12  23
Gigas                      	523c94	 82  60 148
Voodoo                     	533455	 83  52  85
Victoria                   	534491	 83  68 145
Hippie Green               	53824b	 83 130  75
Heath                      	541012	 84  16  18
Judge Gray                 	544333	 84  67  51
Fuscous Gray               	54534d	 84  83  77
Vida Loca                  	549019	 84 144  25
Cioccolato                 	55280c	 85  40  12
Saratoga                   	555b10	 85  91  16
Finlandia                  	556d56	 85 109  86
Havelock Blue              	5590d9	 85 144 217
Fountain Blue              	56b4be	 86 180 190
Spring Leaves              	578363	 87 131  99
Saddle Brown               	583401	 88  52   1
Scarpa Flow                	585562	 88  85  98
Cactus                     	587156	 88 113  86
Hippie Blue                	589aaf	 88 154 175
Wine Berry                 	591d35	 89  29  53
Brown Bramble              	592804	 89  40   4
Congo Brown                	593737	 89  55  55
Millbrook                  	594433	 89  68  51
Waikawa Gray               	5a6e9c	 90 110 156
Horizon                    	5a87a0	 90 135 160
Jambalaya                  	5b3013	 91  48  19
Bordeaux                   	5c0120	 92   1  32
Mulberry Wood              	5c0536	 92   5  54
Carnaby Tan                	5c2e01	 92  46   1
Comet                      	5c5d75	 92  93 117
Redwood                    	5d1e0f	 93  30  15
Don Juan                   	5d4c51	 93  76  81
Chicago                    	5d5c58	 93  92  88
Verdigris                  	5d5e37	 93  94  55
Dingley                    	5d7747	 93 119  71
Breaker Bay                	5da19f	 93 161 159
Kabul                      	5e483e	 94  72  62
Hemlock                    	5e5d3b	 94  93  59
Irish Coffee               	5f3d26	 95  61  38
Mid Gray                   	5f5f6e	 95  95 110
Shuttle Gray               	5f6672	 95 102 114
Aqua Forest                	5fa777	 95 167 119
Tradewind                  	5fb3ac	 95 179 172
Horses Neck                	604913	 96  73  19
Smoky                      	605b73	 96  91 115
Corduroy                   	606e68	 96 110 104
Danube                     	6093d1	 96 147 209
Espresso                   	612718	 97  39  24
Eggplant                   	614051	 97  64  81
Costa Del Sol              	615d30	 97  93  48
Glade Green                	61845f	 97 132  95
Buccaneer                  	622f30	 98  47  48
Quincy                     	623f2d	 98  63  45
Butterfly Bush             	624e9a	 98  78 154
West Coast                 	625119	 98  81  25
Finch                      	626649	 98 102  73
Patina                     	639a8f	 99 154 143
Fern                       	63b76c	 99 183 108
Blue Violet                	6456b7	100  86 183
Dolphin                    	646077	100  96 119
Storm Dust                 	646463	100 100  99
Siam                       	646a54	100 106  84
Nevada                     	646e75	100 110 117
Cornflower Blue            	6495ed	100 149 237
Viking                     	64ccdb	100 204 219
Rosewood                   	65000b	101   0  11
Cherrywood                 	651a14	101  26  20
Purple Heart               	652dc1	101  45 193
Fern Frond                 	657220	101 114  32
Willow Grove               	65745d	101 116  93
Hoki                       	65869f	101 134 159
Pompadour                  	660045	102   0  69
Purple                     	660099	102   0 153
Tyrian Purple              	66023c	102   2  60
Dark Tan                   	661010	102  16  16
Silver Tree                	66b58f	102 181 143
Bright Green               	66ff00	102 255   0
Screamin' Green            	66ff66	102 255 102
Black Rose                 	67032d	103   3  45
Scampi                     	675fa6	103  95 166
Ironside Gray              	676662	103 102  98
Viridian Green             	678975	103 137 117
Christi                    	67a712	103 167  18
Nutmeg Wood Finish         	683600	104  54   0
Zambezi                    	685558	104  85  88
Salt Box                   	685e6e	104  94 110
Tawny Port                 	692545	105  37  69
Finn                       	692d54	105  45  84
Scorpion                   	695f62	105  95  98
Lynch                      	697e9a	105 126 154
Spice                      	6a442e	106  68  46
Himalaya                   	6a5d1b	106  93  27
Soya Bean                  	6a6051	106  96  81
Hairy Heath                	6b2a14	107  42  20
Royal Purple               	6b3fa0	107  63 160
Shingle Fawn               	6b4e31	107  78  49
Dorado                     	6b5755	107  87  85
Bermuda Gray               	6b8ba2	107 139 162
Olive Drab                 	6b8e23	107 142  35
Eminence                   	6c3082	108  48 130
Turquoise Blue             	6cdae7	108 218 231
Lonestar                   	6d0101	109   1   1
Pine Cone                  	6d5e54	109  94  84
Dove Gray                  	6d6c6c	109 108 108
Juniper                    	6d9292	109 146 146
Gothic                     	6d92a1	109 146 161
Red Oxide                  	6e0902	110   9   2
Moccaccino                 	6e1d14	110  29  20
Pickled Bean               	6e4826	110  72  38
Dallas                     	6e4b26	110  75  38
Kokoda                     	6e6d57	110 109  87
Pale Sky                   	6e7783	110 119 131
Cafe Royale                	6f440c	111  68  12
Flint                      	6f6a61	111 106  97
Highland                   	6f8e63	111 142  99
Limeade                    	6f9d02	111 157   2
Downy                      	6fd0c5	111 208 197
Persian Plum               	701c1c	112  28  28
Sepia                      	704214	112  66  20
Antique Bronze             	704a07	112  74   7
Ferra                      	704f50	112  79  80
Coffee                     	706555	112 101  85
Slate Gray                 	708090	112 128 144
Cedar Wood Finish          	711a00	113  26   0
Metallic Copper            	71291d	113  41  29
Affair                     	714693	113  70 147
Studio                     	714ab2	113  74 178
Tobacco Brown              	715d47	113  93  71
Yellow Metal               	716338	113  99  56
Peat                       	716b56	113 107  86
Olivetone                  	716e10	113 110  16
Storm Gray                 	717486	113 116 134
Sirocco                    	718080	113 128 128
Aquamarine Blue            	71d9e2	113 217 226
Venetian Red               	72010f	114   1  15
Old Copper                 	724a2f	114  74  47
Go Ben                     	726d4e	114 109  78
Raven                      	727b89	114 123 137
Seance                     	731e8f	115  30 143
Raw Umber                  	734a12	115  74  18
Kimberly                   	736c9f	115 108 159
Crocodile                  	736d58	115 109  88
Crete                      	737829	115 120  41
Xanadu                     	738678	115 134 120
Spicy Mustard              	74640d	116 100  13
Limed Ash                  	747d63	116 125  99
Rolling Stone              	747d83	116 125 131
Blue Smoke                 	748881	116 136 129
Laurel                     	749378	116 147 120
Mantis                     	74c365	116 195 101
Russett                    	755a57	117  90  87
Deluge                     	7563a8	117  99 168
Cosmic                     	76395d	118  57  93
Blue Marguerite            	7666c6	118 102 198
Lima                       	76bd17	118 189  23
Sky Blue                   	76d7ea	118 215 234
Dark Burgundy              	770f05	119  15   5
Crown of Thorns            	771f1f	119  31  31
Walnut                     	773f1a	119  63  26
Pablo                      	776f61	119 111  97
Pacifika                   	778120	119 129  32
Oxley                      	779e86	119 158 134
Pastel Green               	77dd77	119 221 119
Japanese Maple             	780109	120   1   9
Mocha                      	782d19	120  45  25
Peanut                     	782f16	120  47  22
Camouflage Green           	78866b	120 134 107
Wasabi                     	788a25	120 138  37
Ship Cove                  	788bba	120 139 186
Sea Nymph                  	78a39c	120 163 156
Roman Coffee               	795d4c	121  93  76
Old Lavender               	796878	121 104 120
Rum                        	796989	121 105 137
Fedora                     	796a78	121 106 120
Sandstone                  	796d62	121 109  98
Spray                      	79deec	121 222 236
Siren                      	7a013a	122   1  58
Fuchsia Blue               	7a58c1	122  88 193
Boulder                    	7a7a7a	122 122 122
Wild Blue Yonder           	7a89b8	122 137 184
De York                    	7ac488	122 196 136
Red Beech                  	7b3801	123  56   1
Cinnamon                   	7b3f00	123  63   0
Yukon Gold                 	7b6608	123 102   8
Tapa                       	7b7874	123 120 116
Waterloo                   	7b7c94	123 124 148
Flax Smoke                 	7b8265	123 130 101
Amulet                     	7b9f80	123 159 128
Asparagus                  	7ba05b	123 160  91
Kenyan Copper              	7c1c05	124  28   5
Pesto                      	7c7631	124 118  49
Topaz                      	7c778a	124 119 138
Concord                    	7c7b7a	124 123 122
Jumbo                      	7c7b82	124 123 130
Trendy Green               	7c881a	124 136  26
Gumbo                      	7ca1a6	124 161 166
Acapulco                   	7cb0a1	124 176 161
Neptune                    	7cb7bb	124 183 187
Pueblo                     	7d2c14	125  44  20
Bay Leaf                   	7da98d	125 169 141
Malibu                     	7dc8f7	125 200 247
Bermuda                    	7dd8c6	125 216 198
Copper Canyon              	7e3a15	126  58  21
Claret                     	7f1734	127  23  52
Peru Tan                   	7f3a02	127  58   2
Falcon                     	7f626d	127  98 109
Mobster                    	7f7589	127 117 137
Moody Blue                 	7f76d3	127 118 211
Chartreuse                 	7fff00	127 255   0
Aquamarine                 	7fffd4	127 255 212
Maroon                     	800000	128   0   0
Rose Bud Cherry            	800b47	128  11  71
Falu Red                   	801818	128  24  24
Red Robin                  	80341f	128  52  31
Vivid Violet               	803790	128  55 144
Russet                     	80461b	128  70  27
Friar Gray                 	807e79	128 126 121
Olive                      	808000	128 128   0
Gray                       	808080	128 128 128
Gulf Stream                	80b3ae	128 179 174
Glacier                    	80b3c4	128 179 196
Seagull                    	80ccea	128 204 234
Nutmeg                     	81422c	129  66  44
Spicy Pink                 	816e71	129 110 113
Empress                    	817377	129 115 119
Spanish Green              	819885	129 152 133
Sand Dune                  	826f65	130 111 101
Gunsmoke                   	828685	130 134 133
Battleship Gray            	828f72	130 143 114
Merlot                     	831923	131  25  35
Shadow                     	837050	131 112  80
Chelsea Cucumber           	83aa5d	131 170  93
Monte Carlo                	83d0c6	131 208 198
Plum                       	843179	132  49 121
Granny Smith               	84a0a0	132 160 160
Chetwode Blue              	8581d9	133 129 217
Bandicoot                  	858470	133 132 112
Bali Hai                   	859faf	133 159 175
Half Baked                 	85c4cc	133 196 204
Red Devil                  	860111	134   1  17
Lotus                      	863c3c	134  60  60
Ironstone                  	86483c	134  72  60
Bull Shot                  	864d1e	134  77  30
Rusty Nail                 	86560a	134  86  10
Bitter                     	868974	134 137 116
Regent Gray                	86949f	134 148 159
Disco                      	871550	135  21  80
Americano                  	87756e	135 117 110
Hurricane                  	877c7b	135 124 123
Oslo Gray                  	878d91	135 141 145
Sushi                      	87ab39	135 171  57
Spicy Mix                  	885342	136  83  66
Kumera                     	886221	136  98  33
Suva Gray                  	888387	136 131 135
Avocado                    	888d65	136 141 101
Camelot                    	893456	137  52  86
Solid Pink                 	893843	137  56  67
Cannon Pink                	894367	137  67 103
Makara                     	897d6d	137 125 109
Burnt Umber                	8a3324	138  51  36
True V                     	8a73d6	138 115 214
Clay Creek                 	8a8360	138 131  96
Monsoon                    	8a8389	138 131 137
Stack                      	8a8f8a	138 143 138
Jordy Blue                 	8ab9f1	138 185 241
Electric Violet            	8b00ff	139   0 255
Monarch                    	8b0723	139   7  35
Corn Harvest               	8b6b0b	139 107  11
Olive Haze                 	8b8470	139 132 112
Schooner                   	8b847e	139 132 126
Natural Gray               	8b8680	139 134 128
Mantle                     	8b9c90	139 156 144
Portage                    	8b9fee	139 159 238
Envy                       	8ba690	139 166 144
Cascade                    	8ba9a5	139 169 165
Riptide                    	8be6d8	139 230 216
Cardinal Pink              	8c055e	140   5  94
Mule Fawn                  	8c472f	140  71  47
Potters Clay               	8c5738	140  87  56
Trendy Pink                	8c6495	140 100 149
Paprika                    	8d0226	141   2  38
Sanguine Brown             	8d3d38	141  61  56
Tosca                      	8d3f3f	141  63  63
Cement                     	8d7662	141 118  98
Granite Green              	8d8974	141 137 116
Manatee                    	8d90a1	141 144 161
Polo Blue                  	8da8cc	141 168 204
Red Berry                  	8e0000	142   0   0
Rope                       	8e4d1e	142  77  30
Opium                      	8e6f70	142 111 112
Domino                     	8e775e	142 119  94
Mamba                      	8e8190	142 129 144
Nepal                      	8eabc1	142 171 193
Pohutukawa                 	8f021c	143   2  28
El Salva                   	8f3e33	143  62  51
Korma                      	8f4b0e	143  75  14
Squirrel                   	8f8176	143 129 118
Vista Blue                 	8fd6b4	143 214 180
Burgundy                   	900020	144   0  32
Old Brick                  	901e1e	144  30  30
Hemp                       	907874	144 120 116
Almond Frost               	907b71	144 123 113
Sycamore                   	908d39	144 141  57
Sangria                    	92000a	146   0  10
Cumin                      	924321	146  67  33
Beaver                     	926f5b	146 111  91
Stonewall                  	928573	146 133 115
Venus                      	928590	146 133 144
Medium Purple              	9370db	147 112 219
Cornflower                 	93ccea	147 204 234
Algae Green                	93dfb8	147 223 184
Copper Rust                	944747	148  71  71
Arrowtown                  	948771	148 135 113
Scarlett                   	950015	149   0  21
Strikemaster               	956387	149  99 135
Mountain Mist              	959396	149 147 150
Carmine                    	960018	150   0  24
Brown                      	964b00	150  75   0
Leather                    	967059	150 112  89
Purple Mountain's Majesty  	9678b6	150 120 182
Lavender Purple            	967bb6	150 123 182
Pewter                     	96a8a1	150 168 161
Summer Green               	96bbab	150 187 171
Au Chico                   	97605d	151  96  93
Wisteria                   	9771b5	151 113 181
Atlantis                   	97cd2d	151 205  45
Vin Rouge                  	983d61	152  61  97
Lilac Bush                 	9874d3	152 116 211
Bazaar                     	98777b	152 119 123
Hacienda                   	98811b	152 129  27
Pale Oyster                	988d77	152 141 119
Mint Green                 	98ff98	152 255 152
Fresh Eggplant             	990066	153   0 102
Violet Eggplant            	991199	153  17 153
Tamarillo                  	991613	153  22  19
Totem Pole                 	991b07	153  27   7
Copper Rose                	996666	153 102 102
Amethyst                   	9966cc	153 102 204
Mountbatten Pink           	997a8d	153 122 141
Blue Bell                  	9999cc	153 153 204
Prairie Sand               	9a3820	154  56  32
Toast                      	9a6e61	154 110  97
Gurkha                     	9a9577	154 149 119
Olivine                    	9ab973	154 185 115
Shadow Green               	9ac2b8	154 194 184
Oregon                     	9b4703	155  71   3
Lemon Grass                	9b9e8f	155 158 143
Stiletto                   	9c3336	156  51  54
Hawaiian Tan               	9d5616	157  86  22
Gull Gray                  	9dacb7	157 172 183
Pistachio                  	9dc209	157 194   9
Granny Smith Apple         	9de093	157 224 147
Anakiwa                    	9de5ff	157 229 255
Chelsea Gem                	9e5302	158  83   2
Sepia Skin                 	9e5b40	158  91  64
Sage                       	9ea587	158 165 135
Citron                     	9ea91f	158 169  31
Rock Blue                  	9eb1cd	158 177 205
Morning Glory              	9edee0	158 222 224
Cognac                     	9f381d	159  56  29
Reef Gold                  	9f821c	159 130  28
Star Dust                  	9f9f9c	159 159 156
Santas Gray                	9fa0b1	159 160 177
Sinbad                     	9fd7d3	159 215 211
Feijoa                     	9fdd8c	159 221 140
Tabasco                    	a02712	160  39  18
Buttered Rum               	a1750d	161 117  13
Hit Gray                   	a1adb5	161 173 181
Citrus                     	a1c50a	161 197  10
Aqua Island                	a1dad7	161 218 215
Water Leaf                 	a1e9de	161 233 222
Flirt                      	a2006d	162   0 109
Rouge                      	a23b6c	162  59 108
Cape Palliser              	a26645	162 102  69
Gray Chateau               	a2aab3	162 170 179
Edward                     	a2aeab	162 174 171
Pharlap                    	a3807b	163 128 123
Amethyst Smoke             	a397b4	163 151 180
Blizzard Blue              	a3e3ed	163 227 237
Delta                      	a4a49d	164 164 157
Wistful                    	a4a6d3	164 166 211
Green Smoke                	a4af6e	164 175 110
Jazzberry Jam              	a50b5e	165  11  94
Zorba                      	a59b91	165 155 145
Bahia                      	a5cb0c	165 203  12
Roof Terracotta            	a62f20	166  47  32
Paarl                      	a65529	166  85  41
Barley Corn                	a68b5b	166 139  91
Donkey Brown               	a69279	166 146 121
Dawn                       	a6a29a	166 162 154
Mexican Red                	a72525	167  37  37
Luxor Gold                 	a7882c	167 136  44
Rich Gold                  	a85307	168  83   7
Reno Sand                  	a86515	168 101  21
Coral Tree                 	a86b6b	168 107 107
Dusty Gray                 	a8989b	168 152 155
Dull Lavender              	a899e6	168 153 230
Tallow                     	a8a589	168 165 137
Bud                        	a8ae9c	168 174 156
Locust                     	a8af8e	168 175 142
Norway                     	a8bd9f	168 189 159
Chinook                    	a8e3bd	168 227 189
Gray Olive                 	a9a491	169 164 145
Aluminium                  	a9acb6	169 172 182
Cadet Blue                 	a9b2c3	169 178 195
Schist                     	a9b497	169 180 151
Tower Gray                 	a9bdbf	169 189 191
Perano                     	a9bef2	169 190 242
Opal                       	a9c6c2	169 198 194
Night Shadz                	aa375a	170  55  90
Fire                       	aa4203	170  66   3
Muesli                     	aa8b5b	170 139  91
Sandal                     	aa8d6f	170 141 111
Shady Lady                 	aaa5a9	170 165 169
Logan                      	aaa9cd	170 169 205
Spun Pearl                 	aaabb7	170 171 183
Regent St Blue             	aad6e6	170 214 230
Magic Mint                 	aaf0d1	170 240 209
Lipstick                   	ab0563	171   5  99
Royal Heath                	ab3472	171  52 114
Sandrift                   	ab917a	171 145 122
Cold Purple                	aba0d9	171 160 217
Bronco                     	aba196	171 161 150
Limed Oak                  	ac8a56	172 138  86
East Side                  	ac91ce	172 145 206
Lemon Ginger               	ac9e22	172 158  34
Napa                       	aca494	172 164 148
Hillary                    	aca586	172 165 134
Cloudy                     	aca59f	172 165 159
Silver Chalice             	acacac	172 172 172
Swamp Green                	acb78e	172 183 142
Spring Rain                	accbb1	172 203 177
Conifer                    	acdd4d	172 221  77
Celadon                    	ace1af	172 225 175
Mandalay                   	ad781b	173 120  27
Casper                     	adbed1	173 190 209
Moss Green                 	addfad	173 223 173
Padua                      	ade6c4	173 230 196
Green Yellow               	adff2f	173 255  47
Hippie Pink                	ae4560	174  69  96
Desert                     	ae6020	174  96  32
Bouquet                    	ae809e	174 128 158
Medium Carmine             	af4035	175  64  53
Apple Blossom              	af4d43	175  77  67
Brown Rust                 	af593e	175  89  62
Driftwood                  	af8751	175 135  81
Alpine                     	af8f2c	175 143  44
Lucky                      	af9f1c	175 159  28
Martini                    	afa09e	175 160 158
Bombay                     	afb1b8	175 177 184
Pigeon Post                	afbdd9	175 189 217
Cadillac                   	b04c6a	176  76 106
Matrix                     	b05d54	176  93  84
Tapestry                   	b05e81	176  94 129
Mai Tai                    	b06608	176 102   8
Del Rio                    	b09a95	176 154 149
Powder Blue                	b0e0e6	176 224 230
Inch Worm                  	b0e313	176 227  19
Bright Red                 	b10000	177   0   0
Vesuvius                   	b14a0b	177  74  11
Pumpkin Skin               	b1610b	177  97  11
Santa Fe                   	b16d52	177 109  82
Teak                       	b19461	177 148  97
Fringy Flower              	b1e2c1	177 226 193
Ice Cold                   	b1f4e7	177 244 231
Shiraz                     	b20931	178   9  49
Biloba Flower              	b2a1ea	178 161 234
Tall Poppy                 	b32d29	179  45  41
Fiery Orange               	b35213	179  82  19
Hot Toddy                  	b38007	179 128   7
Taupe Gray                 	b3af95	179 175 149
La Rioja                   	b3c110	179 193  16
Well Read                  	b43332	180  51  50
Blush                      	b44668	180  70 104
Jungle Mist                	b4cfd3	180 207 211
Turkish Rose               	b57281	181 114 129
Lavender                   	b57edc	181 126 220
Mongoose                   	b5a27f	181 162 127
Olive Green                	b5b35c	181 179  92
Jet Stream                 	b5d2ce	181 210 206
Cruise                     	b5ecdf	181 236 223
Hibiscus                   	b6316c	182  49 108
Thatch                     	b69d98	182 157 152
Heathered Gray             	b6b095	182 176 149
Eagle                      	b6baa4	182 186 164
Spindle                    	b6d1ea	182 209 234
Gum Leaf                   	b6d3bf	182 211 191
Rust                       	b7410e	183  65  14
Muddy Waters               	b78e5c	183 142  92
Sahara                     	b7a214	183 162  20
Husk                       	b7a458	183 164  88
Nobel                      	b7b1b1	183 177 177
Heather                    	b7c3d0	183 195 208
Madang                     	b7f0be	183 240 190
Milano Red                 	b81104	184  17   4
Copper                     	b87333	184 115  51
Gimblet                    	b8b56a	184 181 106
Green Spring               	b8c1b1	184 193 177
Celery                     	b8c25d	184 194  93
Sail                       	b8e0f9	184 224 249
Chestnut                   	b94e48	185  78  72
Crail                      	b95140	185  81  64
Marigold                   	b98d28	185 141  40
Wild Willow                	b9c46a	185 196 106
Rainee                     	b9c8ac	185 200 172
Guardsman Red              	ba0101	186   1   1
Rock Spray                 	ba450c	186  69  12
Bourbon                    	ba6f1e	186 111  30
Pirate Gold                	ba7f03	186 127   3
Nomad                      	bab1a2	186 177 162
Submarine                  	bac7c9	186 199 201
Charlotte                  	baeef9	186 238 249
Medium Red Violet          	bb3385	187  51 133
Brandy Rose                	bb8983	187 137 131
Rio Grande                 	bbd009	187 208   9
Surf                       	bbd7c1	187 215 193
Powder Ash                 	bcc9c2	188 201 194
Tuscany                    	bd5e2e	189  94  46
Quicksand                  	bd978e	189 151 142
Silk                       	bdb1a8	189 177 168
Malta                      	bdb2a1	189 178 161
Chatelle                   	bdb3c7	189 179 199
Lavender Gray              	bdbbd7	189 187 215
French Gray                	bdbdc6	189 189 198
Clay Ash                   	bdc8b3	189 200 179
Loblolly                   	bdc9ce	189 201 206
French Pass                	bdedfd	189 237 253
London Hue                 	bea6c3	190 166 195
Pink Swan                  	beb5b7	190 181 183
Fuego                      	bede0d	190 222  13
Rose of Sharon             	bf5500	191  85   0
Tide                       	bfb8b0	191 184 176
Blue Haze                  	bfbed8	191 190 216
Silver Sand                	bfc1c2	191 193 194
Key Lime Pie               	bfc921	191 201  33
Ziggurat                   	bfdbe2	191 219 226
Lime                       	bfff00	191 255   0
Thunderbird                	c02b18	192  43  24
Mojo                       	c04737	192  71  55
Old Rose                   	c08081	192 128 129
Silver                     	c0c0c0	192 192 192
Pale Leaf                  	c0d3b9	192 211 185
Pixie Green                	c0d8b6	192 216 182
Tia Maria                  	c1440e	193  68  14
Fuchsia Pink               	c154c1	193  84 193
Buddha Gold                	c1a004	193 160   4
Bison Hide                 	c1b7a4	193 183 164
Tea                        	c1bab0	193 186 176
Gray Suit                  	c1becd	193 190 205
Sprout                     	c1d7b0	193 215 176
Sulu                       	c1f07c	193 240 124
Indochine                  	c26b03	194 107   3
Twine                      	c2955d	194 149  93
Cotton Seed                	c2bdb6	194 189 182
Pumice                     	c2cac4	194 202 196
Jagged Ice                 	c2e8e5	194 232 229
Maroon Flush               	c32148	195  33  72
Indian Khaki               	c3b091	195 176 145
Pale Slate                 	c3bfc1	195 191 193
Gray Nickel                	c3c3bd	195 195 189
Periwinkle Gray            	c3cde6	195 205 230
Tiara                      	c3d1d1	195 209 209
Tropical Blue              	c3ddf9	195 221 249
Cardinal                   	c41e3a	196  30  58
Fuzzy Wuzzy Brown          	c45655	196  86  85
Orange Roughy              	c45719	196  87  25
Mist Gray                  	c4c4bc	196 196 188
Coriander                  	c4d0b0	196 208 176
Mint Tulip                 	c4f4eb	196 244 235
Mulberry                   	c54b8c	197  75 140
Nugget                     	c59922	197 153  34
Tussock                    	c5994b	197 153  75
Sea Mist                   	c5dbca	197 219 202
Yellow Green               	c5e17a	197 225 122
Brick Red                  	c62d42	198  45  66
Contessa                   	c6726b	198 114 107
Oriental Pink              	c69191	198 145 145
Roti                       	c6a84b	198 168  75
Ash                        	c6c3b5	198 195 181
Kangaroo                   	c6c8bd	198 200 189
Las Palmas                 	c6e610	198 230  16
Monza                      	c7031e	199   3  30
Red Violet                 	c71585	199  21 133
Coral Reef                 	c7bca2	199 188 162
Melrose                    	c7c1ff	199 193 255
Cloud                      	c7c4bf	199 196 191
Ghost                      	c7c9d5	199 201 213
Pine Glade                 	c7cd90	199 205 144
Botticelli                 	c7dde5	199 221 229
Antique Brass              	c88a65	200 138 101
Lilac                      	c8a2c8	200 162 200
Hokey Pokey                	c8a528	200 165  40
Lily                       	c8aabf	200 170 191
Laser                      	c8b568	200 181 104
Edgewater                  	c8e3d7	200 227 215
Piper                      	c96323	201  99  35
Pizza                      	c99415	201 148  21
Light Wisteria             	c9a0dc	201 160 220
Rodeo Dust                 	c9b29b	201 178 155
Sundance                   	c9b35b	201 179  91
Earls Green                	c9b93b	201 185  59
Silver Rust                	c9c0bb	201 192 187
Conch                      	c9d9d2	201 217 210
Reef                       	c9ffa2	201 255 162
Aero Blue                  	c9ffe5	201 255 229
Flush Mahogany             	ca3435	202  52  53
Turmeric                   	cabb48	202 187  72
Paris White                	cadcd4	202 220 212
Bitter Lemon               	cae00d	202 224  13
Skeptic                    	cae6da	202 230 218
Viola                      	cb8fa9	203 143 169
Foggy Gray                 	cbcab6	203 202 182
Green Mist                 	cbd3b0	203 211 176
Nebula                     	cbdbd6	203 219 214
Persian Red                	cc3333	204  51  51
Burnt Orange               	cc5500	204  85   0
Ochre                      	cc7722	204 119  34
Puce                       	cc8899	204 136 153
Thistle Green              	cccaa8	204 202 168
Periwinkle                 	ccccff	204 204 255
Electric Lime              	ccff00	204 255   0
Tenn                       	cd5700	205  87   0
Chestnut Rose              	cd5c5c	205  92  92
Brandy Punch               	cd8429	205 132  41
Onahau                     	cdf4ff	205 244 255
Sorrell Brown              	ceb98f	206 185 143
Cold Turkey                	cebaba	206 186 186
Yuma                       	cec291	206 194 145
Chino                      	cec7a7	206 199 167
Eunry                      	cfa39d	207 163 157
Old Gold                   	cfb53b	207 181  59
Tasman                     	cfdccf	207 220 207
Surf Crest                 	cfe5d2	207 229 210
Humming Bird               	cff9f3	207 249 243
Scandal                    	cffaf4	207 250 244
Red Stage                  	d05f04	208  95   4
Hopbush                    	d06da1	208 109 161
Meteor                     	d07d12	208 125  18
Perfume                    	d0bef8	208 190 248
Prelude                    	d0c0e5	208 192 229
Tea Green                  	d0f0c0	208 240 192
Geebung                    	d18f1b	209 143  27
Vanilla                    	d1bea8	209 190 168
Soft Amber                 	d1c6b4	209 198 180
Celeste                    	d1d2ca	209 210 202
Mischka                    	d1d2dd	209 210 221
Pear                       	d1e231	209 226  49
Hot Cinnamon               	d2691e	210 105  30
Raw Sienna                 	d27d46	210 125  70
Careys Pink                	d29eaa	210 158 170
Tan                        	d2b48c	210 180 140
Deco                       	d2da97	210 218 151
Blue Romance               	d2f6de	210 246 222
Gossip                     	d2f8b0	210 248 176
Sisal                      	d3cbba	211 203 186
Swirl                      	d3cdc5	211 205 197
Charm                      	d47494	212 116 148
Clam Shell                 	d4b6af	212 182 175
Straw                      	d4bf8d	212 191 141
Akaroa                     	d4c4a8	212 196 168
Bird Flower                	d4cd16	212 205  22
Iron                       	d4d7d9	212 215 217
Geyser                     	d4dfe2	212 223 226
Hawkes Blue                	d4e2fc	212 226 252
Grenadier                  	d54600	213  70   0
Can Can                    	d591a4	213 145 164
Whiskey                    	d59a6f	213 154 111
Winter Hazel               	d5d195	213 209 149
Granny Apple               	d5f6e3	213 246 227
My Pink                    	d69188	214 145 136
Tacha                      	d6c562	214 197  98
Moon Raker                 	d6cef6	214 206 246
Quill Gray                 	d6d6d1	214 214 209
Snowy Mint                 	d6ffdb	214 255 219
New York Pink              	d7837f	215 131 127
Pavlova                    	d7c498	215 196 152
Fog                        	d7d0ff	215 208 255
Valencia                   	d84437	216  68  55
Japonica                   	d87c63	216 124  99
Thistle                    	d8bfd8	216 191 216
Maverick                   	d8c2d5	216 194 213
Foam                       	d8fcfa	216 252 250
Cabaret                    	d94972	217  73 114
Burning Sand               	d99376	217 147 118
Cameo                      	d9b99b	217 185 155
Timberwolf                 	d9d6cf	217 214 207
Tana                       	d9dcc1	217 220 193
Link Water                 	d9e4f5	217 228 245
Mabel                      	d9f7ff	217 247 255
Cerise                     	da3287	218  50 135
Flame Pea                  	da5b38	218  91  56
Bamboo                     	da6304	218  99   4
Red Damask                 	da6a41	218 106  65
Orchid                     	da70d6	218 112 214
Copperfield                	da8a67	218 138 103
Golden Grass               	daa520	218 165  32
Zanah                      	daecd6	218 236 214
Iceberg                    	daf4f0	218 244 240
Oyster Bay                 	dafaff	218 250 255
Cranberry                  	db5079	219  80 121
Petite Orchid              	db9690	219 150 144
Di Serria                  	db995e	219 153  94
Alto                       	dbdbdb	219 219 219
Frosted Mint               	dbfff8	219 255 248
Crimson                    	dc143c	220  20  60
Punch                      	dc4333	220  67  51
Galliano                   	dcb20c	220 178  12
Blossom                    	dcb4bc	220 180 188
Wattle                     	dcd747	220 215  71
Westar                     	dcd9d2	220 217 210
Moon Mist                  	dcddcc	220 221 204
Caper                      	dcedb4	220 237 180
Swans Down                 	dcf0ea	220 240 234
Swiss Coffee               	ddd6d5	221 214 213
White Ice                  	ddf9f1	221 249 241
Cerise Red                 	de3163	222  49  99
Roman                      	de6360	222  99  96
Tumbleweed                 	dea681	222 166 129
Gold Tips                  	deba13	222 186  19
Brandy                     	dec196	222 193 150
Wafer                      	decbc6	222 203 198
Sapling                    	ded4a4	222 212 164
Barberry                   	ded717	222 215  23
Beryl Green                	dee5c0	222 229 192
Pattens Blue               	def5ff	222 245 255
Heliotrope                 	df73ff	223 115 255
Apache                     	dfbe6f	223 190 111
Chenin                     	dfcd6f	223 205 111
Lola                       	dfcfdb	223 207 219
Willow Brook               	dfecda	223 236 218
Chartreuse Yellow          	dfff00	223 255   0
Mauve                      	e0b0ff	224 176 255
Anzac                      	e0b646	224 182  70
Harvest Gold               	e0b974	224 185 116
Calico                     	e0c095	224 192 149
Baby Blue                  	e0ffff	224 255 255
Sunglo                     	e16865	225 104 101
Equator                    	e1bc64	225 188 100
Pink Flare                 	e1c0c8	225 192 200
Periglacial Blue           	e1e6d6	225 230 214
Kidnapper                  	e1ead4	225 234 212
Tara                       	e1f6e8	225 246 232
Mandy                      	e25465	226  84 101
Terracotta                 	e2725b	226 114  91
Golden Bell                	e28913	226 137  19
Shocking                   	e292c0	226 146 192
Dixie                      	e29418	226 148  24
Light Orchid               	e29cd2	226 156 210
Snuff                      	e2d8ed	226 216 237
Mystic                     	e2ebed	226 235 237
Apple Green                	e2f3ec	226 243 236
Razzmatazz                 	e30b5c	227  11  92
Alizarin Crimson           	e32636	227  38  54
Cinnabar                   	e34234	227  66  52
Cavern Pink                	e3bebe	227 190 190
Peppermint                 	e3f5e1	227 245 225
Mindaro                    	e3f988	227 249 136
Deep Blush                 	e47698	228 118 152
Gamboge                    	e49b0f	228 155  15
Melanie                    	e4c2d5	228 194 213
Twilight                   	e4cfde	228 207 222
Bone                       	e4d1c0	228 209 192
Sunflower                  	e4d422	228 212  34
Grain Brown                	e4d5b7	228 213 183
Zombie                     	e4d69b	228 214 155
Frostee                    	e4f6e7	228 246 231
Snow Flurry                	e4ffd1	228 255 209
Amaranth                   	e52b50	229  43  80
Zest                       	e5841b	229 132  27
Dust Storm                 	e5ccc9	229 204 201
Stark White                	e5d7bd	229 215 189
Hampton                    	e5d8af	229 216 175
Bon Jour                   	e5e0e1	229 224 225
Mercury                    	e5e5e5	229 229 229
Polar                      	e5f9f6	229 249 246
Trinidad                   	e64e03	230  78   3
Gold Sand                  	e6be8a	230 190 138
Cashmere                   	e6bea5	230 190 165
Double Spanish White       	e6d7b9	230 215 185
Satin Linen                	e6e4d4	230 228 212
Harp                       	e6f2ea	230 242 234
Off Green                  	e6f8f3	230 248 243
Hint of Green              	e6ffe9	230 255 233
Tranquil                   	e6ffff	230 255 255
Mango Tango                	e77200	231 114   0
Christine                  	e7730a	231 115  10
Tonys Pink                 	e79f8c	231 159 140
Kobi                       	e79fc4	231 159 196
Rose Fog                   	e7bcb4	231 188 180
Corn                       	e7bf05	231 191   5
Putty                      	e7cd8c	231 205 140
Gray Nurse                 	e7ece6	231 236 230
Lily White                 	e7f8ff	231 248 255
Bubbles                    	e7feff	231 254 255
Fire Bush                  	e89928	232 153  40
Shilo                      	e8b9b3	232 185 179
Pearl Bush                 	e8e0d5	232 224 213
Green White                	e8ebe0	232 235 224
Chrome White               	e8f1d4	232 241 212
Gin                        	e8f2eb	232 242 235
Aqua Squeeze               	e8f5f2	232 245 242
Clementine                 	e96e00	233 110   0
Burnt Sienna               	e97451	233 116  81
Tahiti Gold                	e97c07	233 124   7
Oyster Pink                	e9cecd	233 206 205
Confetti                   	e9d75a	233 215  90
Ebb                        	e9e3e3	233 227 227
Ottoman                    	e9f8ed	233 248 237
Clear Day                  	e9fffd	233 255 253
Carissma                   	ea88a8	234 136 168
Porsche                    	eaae69	234 174 105
Tulip Tree                 	eab33b	234 179  59
Rob Roy                    	eac674	234 198 116
Raffia                     	eadab8	234 218 184
White Rock                 	eae8d4	234 232 212
Panache                    	eaf6ee	234 246 238
Solitude                   	eaf6ff	234 246 255
Aqua Spring                	eaf9f5	234 249 245
Dew                        	eafffe	234 255 254
Apricot                    	eb9373	235 147 115
Zinnwaldite                	ebc2af	235 194 175
Fuel Yellow                	eca927	236 169  39
Ronchi                     	ecc54e	236 197  78
French Lilac               	ecc7ee	236 199 238
Just Right                 	eccdb9	236 205 185
Wild Rice                  	ece090	236 224 144
Fall Green                 	ecebbd	236 235 189
Aths Special               	ecebce	236 235 206
Starship                   	ecf245	236 242  69
Red Ribbon                 	ed0a3f	237  10  63
Tango                      	ed7a1c	237 122  28
Carrot Orange              	ed9121	237 145  33
Sea Pink                   	ed989e	237 152 158
Tacao                      	edb381	237 179 129
Desert Sand                	edc9af	237 201 175
Pancho                     	edcdab	237 205 171
Chamois                    	eddcb1	237 220 177
Primrose                   	edea99	237 234 153
Frost                      	edf5dd	237 245 221
Aqua Haze                  	edf5f5	237 245 245
Zumthor                    	edf6ff	237 246 255
Narvik                     	edf9f1	237 249 241
Honeysuckle                	edfc84	237 252 132
Lavender Magenta           	ee82ee	238 130 238
Beauty Bush                	eec1be	238 193 190
Chalky                     	eed794	238 215 148
Almond                     	eed9c4	238 217 196
Flax                       	eedc82	238 220 130
Bizarre                    	eededa	238 222 218
Double Colonial White      	eee3ad	238 227 173
Cararra                    	eeeee8	238 238 232
Manz                       	eeef78	238 239 120
Tahuna Sands               	eef0c8	238 240 200
Athens Gray                	eef0f3	238 240 243
Tusk                       	eef3c3	238 243 195
Loafer                     	eef4de	238 244 222
Catskill White             	eef6f7	238 246 247
Twilight Blue              	eefdff	238 253 255
Jonquil                    	eeff9a	238 255 154
Rice Flower                	eeffe2	238 255 226
Jaffa                      	ef863f	239 134  63
Gallery                    	efefef	239 239 239
Porcelain                  	eff2f3	239 242 243
Mauvelous                  	f091a9	240 145 169
Golden Dream               	f0d52d	240 213  45
Golden Sand                	f0db7d	240 219 125
Buff                       	f0dc82	240 220 130
Prim                       	f0e2ec	240 226 236
Khaki                      	f0e68c	240 230 140
Selago                     	f0eefd	240 238 253
Titan White                	f0eeff	240 238 255
Alice Blue                 	f0f8ff	240 248 255
Feta                       	f0fcea	240 252 234
Gold Drop                  	f18200	241 130   0
Wewak                      	f19bab	241 155 171
Sahara Sand                	f1e788	241 231 136
Parchment                  	f1e9d2	241 233 210
Blue Chalk                 	f1e9ff	241 233 255
Mint Julep                 	f1eec1	241 238 193
Seashell                   	f1f1f1	241 241 241
Saltpan                    	f1f7f2	241 247 242
Tidal                      	f1ffad	241 255 173
Chiffon                    	f1ffc8	241 255 200
Flamingo                   	f2552a	242  85  42
Tangerine                  	f28500	242 133   0
Mandys Pink                	f2c3b2	242 195 178
Concrete                   	f2f2f2	242 242 242
Black Squeeze              	f2fafa	242 250 250
Pomegranate                	f34723	243  71  35
Buttercup                  	f3ad16	243 173  22
New Orleans                	f3d69d	243 214 157
Vanilla Ice                	f3d9df	243 217 223
Sidecar                    	f3e7bb	243 231 187
Dawn Pink                  	f3e9e5	243 233 229
Wheatfield                 	f3edcf	243 237 207
Canary                     	f3fb62	243 251  98
Orinoco                    	f3fbd4	243 251 212
Carla                      	f3ffd8	243 255 216
Hollywood Cerise           	f400a1	244   0 161
Sandy brown                	f4a460	244 164  96
Saffron                    	f4c430	244 196  48
Ripe Lemon                 	f4d81c	244 216  28
Janna                      	f4ebd3	244 235 211
Pampas                     	f4f2ee	244 242 238
Wild Sand                  	f4f4f4	244 244 244
Zircon                     	f4f8ff	244 248 255
Froly                      	f57584	245 117 132
Cream Can                  	f5c85c	245 200  92
Manhattan                  	f5c999	245 201 153
Maize                      	f5d5a0	245 213 160
Wheat                      	f5deb3	245 222 179
Sandwisp                   	f5e7a2	245 231 162
Pot Pourri                 	f5e7e2	245 231 226
Albescent White            	f5e9d3	245 233 211
Soft Peach                 	f5edef	245 237 239
Ecru White                 	f5f3e5	245 243 229
Beige                      	f5f5dc	245 245 220
Golden Fizz                	f5fb3d	245 251  61
Australian Mint            	f5ffbe	245 255 190
French Rose                	f64a8a	246  74 138
Brilliant Rose             	f653a6	246  83 166
Illusion                   	f6a4c9	246 164 201
Merino                     	f6f0e6	246 240 230
Black Haze                 	f6f7f7	246 247 247
Spring Sun                 	f6ffdc	246 255 220
Violet Red                 	f7468a	247  70 138
Chilean Fire               	f77703	247 119   3
Persian Pink               	f77fbe	247 127 190
Rajah                      	f7b668	247 182 104
Azalea                     	f7c8da	247 200 218
We Peep                    	f7dbe6	247 219 230
Quarter Spanish White      	f7f2e1	247 242 225
Whisper                    	f7f5fa	247 245 250
Snow Drift                 	f7faf7	247 250 247
Casablanca                 	f8b853	248 184  83
Chantilly                  	f8c3df	248 195 223
Cherub                     	f8d9e9	248 217 233
Marzipan                   	f8db9d	248 219 157
Energy Yellow              	f8dd5c	248 221  92
Givry                      	f8e4bf	248 228 191
White Linen                	f8f0e8	248 240 232
Magnolia                   	f8f4ff	248 244 255
Spring Wood                	f8f6f1	248 246 241
Coconut Cream              	f8f7dc	248 247 220
White Lilac                	f8f7fc	248 247 252
Desert Storm               	f8f8f7	248 248 247
Texas                      	f8f99c	248 249 156
Corn Field                 	f8facd	248 250 205
Mimosa                     	f8fdd3	248 253 211
Carnation                  	f95a61	249  90  97
Saffron Mango              	f9bf58	249 191  88
Carousel Pink              	f9e0ed	249 224 237
Dairy Cream                	f9e4bc	249 228 188
Portica                    	f9e663	249 230  99
Underage Pink              	f9e6f4	249 230 244
Amour                      	f9eaf3	249 234 243
Rum Swizzle                	f9f8e4	249 248 228
Dolly                      	f9ff8b	249 255 139
Sugar Cane                 	f9fff6	249 255 246
Ecstasy                    	fa7814	250 120  20
Tan Hide                   	fa9d5a	250 157  90
Corvette                   	fad3a2	250 211 162
Peach Yellow               	fadfad	250 223 173
Turbo                      	fae600	250 230   0
Astra                      	faeab9	250 234 185
Champagne                  	faeccc	250 236 204
Linen                      	faf0e6	250 240 230
Fantasy                    	faf3f0	250 243 240
Citrine White              	faf7d6	250 247 214
Alabaster                  	fafafa	250 250 250
Hint of Yellow             	fafde4	250 253 228
Milan                      	faffa4	250 255 164
Brink Pink                 	fb607f	251  96 127
Geraldine                  	fb8989	251 137 137
Lavender Rose              	fba0e3	251 160 227
Sea Buckthorn              	fba129	251 161  41
Sun                        	fbac13	251 172  19
Lavender Pink              	fbaed2	251 174 210
Rose Bud                   	fbb2a3	251 178 163
Cupid                      	fbbeda	251 190 218
Classic Rose               	fbcce7	251 204 231
Apricot Peach              	fbceb1	251 206 177
Banana Mania               	fbe7b2	251 231 178
Marigold Yellow            	fbe870	251 232 112
Festival                   	fbe96c	251 233 108
Sweet Corn                 	fbea8c	251 234 140
Candy Corn                 	fbec5d	251 236  93
Hint of Red                	fbf9f9	251 249 249
Shalimar                   	fbffba	251 255 186
Shocking Pink              	fc0fc0	252  15 192
Tickle Me Pink             	fc80a5	252 128 165
Tree Poppy                 	fc9c1d	252 156  29
Lightning Yellow           	fcc01e	252 192  30
Goldenrod                  	fcd667	252 214 103
Candlelight                	fcd917	252 217  23
Cherokee                   	fcda98	252 218 152
Double Pearl Lusta         	fcf4d0	252 244 208
Pearl Lusta                	fcf4dc	252 244 220
Vista White                	fcf8f7	252 248 247
Bianca                     	fcfbf3	252 251 243
Moon Glow                  	fcfeda	252 254 218
China Ivory                	fcffe7	252 255 231
Ceramic                    	fcfff9	252 255 249
Torch Red                  	fd0e35	253  14  53
Wild Watermelon            	fd5b78	253  91 120
Crusta                     	fd7b33	253 123  51
Sorbus                     	fd7c07	253 124   7
Sweet Pink                 	fd9fa2	253 159 162
Light Apricot              	fdd5b1	253 213 177
Pig Pink                   	fdd7e4	253 215 228
Cinderella                 	fde1dc	253 225 220
Golden Glow                	fde295	253 226 149
Lemon                      	fde910	253 233  16
Old Lace                   	fdf5e6	253 245 230
Half Colonial White        	fdf6d3	253 246 211
Drover                     	fdf7ad	253 247 173
Pale Prim                  	fdfeb8	253 254 184
Cumulus                    	fdffd5	253 255 213
Persian Rose               	fe28a2	254  40 162
Sunset Orange              	fe4c40	254  76  64
Bittersweet                	fe6f5e	254 111  94
California                 	fe9d04	254 157   4
Yellow Sea                 	fea904	254 169   4
Melon                      	febaad	254 186 173
Bright Sun                 	fed33c	254 211  60
Dandelion                  	fed85d	254 216  93
Salomie                    	fedb8d	254 219 141
Cape Honey                 	fee5ac	254 229 172
Remy                       	feebf3	254 235 243
Oasis                      	feefce	254 239 206
Bridesmaid                 	fef0ec	254 240 236
Beeswax                    	fef2c7	254 242 199
Bleach White               	fef3d8	254 243 216
Pipi                       	fef4cc	254 244 204
Half Spanish White         	fef4db	254 244 219
Wisp Pink                  	fef4f8	254 244 248
Provincial Pink            	fef5f1	254 245 241
Half Dutch White           	fef7de	254 247 222
Solitaire                  	fef8e2	254 248 226
White Pointer              	fef8ff	254 248 255
Off Yellow                 	fef9e3	254 249 227
Orange White               	fefced	254 252 237
Red                        	ff0000	255   0   0
Rose                       	ff007f	255   0 127
Purple Pizzazz             	ff00cc	255   0 204
Magenta / Fuchsia          	ff00ff	255   0 255
Scarlet                    	ff2400	255  36   0
Wild Strawberry            	ff3399	255  51 153
Razzle Dazzle Rose         	ff33cc	255  51 204
Radical Red                	ff355e	255  53  94
Red Orange                 	ff3f34	255  63  52
Coral Red                  	ff4040	255  64  64
Vermilion                  	ff4d00	255  77   0
International Orange       	ff4f00	255  79   0
Outrageous Orange          	ff6037	255  96  55
Blaze Orange               	ff6600	255 102   0
Pink Flamingo              	ff66ff	255 102 255
Orange                     	ff681f	255 104  31
Hot Pink                   	ff69b4	255 105 180
Persimmon                  	ff6b53	255 107  83
Blush Pink                 	ff6fff	255 111 255
Burning Orange             	ff7034	255 112  52
Pumpkin                    	ff7518	255 117  24
Flamenco                   	ff7d07	255 125   7
Flush Orange               	ff7f00	255 127   0
Coral                      	ff7f50	255 127  80
Salmon                     	ff8c69	255 140 105
Pizazz                     	ff9000	255 144   0
West Side                  	ff910f	255 145  15
Pink Salmon                	ff91a4	255 145 164
Neon Carrot                	ff9933	255 153  51
Atomic Tangerine           	ff9966	255 153 102
Vivid Tangerine            	ff9980	255 153 128
Sunshade                   	ff9e2c	255 158  44
Orange Peel                	ffa000	255 160   0
Mona Lisa                  	ffa194	255 161 148
Web Orange                 	ffa500	255 165   0
Carnation Pink             	ffa6c9	255 166 201
Hit Pink                   	ffab81	255 171 129
Yellow Orange              	ffae42	255 174  66
Cornflower Lilac           	ffb0ac	255 176 172
Sundown                    	ffb1b3	255 177 179
My Sin                     	ffb31f	255 179  31
Texas Rose                 	ffb555	255 181  85
Cotton Candy               	ffb7d5	255 183 213
Macaroni and Cheese        	ffb97b	255 185 123
Selective Yellow           	ffba00	255 186   0
Koromiko                   	ffbd5f	255 189  95
Amber                      	ffbf00	255 191   0
Wax Flower                 	ffc0a8	255 192 168
Pink                       	ffc0cb	255 192 203
Your Pink                  	ffc3c0	255 195 192
Supernova                  	ffc901	255 201   1
Flesh                      	ffcba4	255 203 164
Sunglow                    	ffcc33	255 204  51
Golden Tainoi              	ffcc5c	255 204  92
Peach Orange               	ffcc99	255 204 153
Chardonnay                 	ffcd8c	255 205 140
Pastel Pink                	ffd1dc	255 209 220
Romantic                   	ffd2b7	255 210 183
Grandis                    	ffd38c	255 211 140
Gold                       	ffd700	255 215   0
School bus Yellow          	ffd800	255 216   0
Cosmos                     	ffd8d9	255 216 217
Mustard                    	ffdb58	255 219  88
Peach Schnapps             	ffdcd6	255 220 214
Caramel                    	ffddaf	255 221 175
Tuft Bush                  	ffddcd	255 221 205
Watusi                     	ffddcf	255 221 207
Pink Lace                  	ffddf4	255 221 244
Navajo White               	ffdead	255 222 173
Frangipani                 	ffdeb3	255 222 179
Pippin                     	ffe1df	255 225 223
Pale Rose                  	ffe1f2	255 225 242
Negroni                    	ffe2c5	255 226 197
Cream Brulee               	ffe5a0	255 229 160
Peach                      	ffe5b4	255 229 180
Tequila                    	ffe6c7	255 230 199
Kournikova                 	ffe772	255 231 114
Sandy Beach                	ffeac8	255 234 200
Karry                      	ffead4	255 234 212
Broom                      	ffec13	255 236  19
Colonial White             	ffedbc	255 237 188
Derby                      	ffeed8	255 238 216
Vis Vis                    	ffefa1	255 239 161
Egg White                  	ffefc1	255 239 193
Papaya Whip                	ffefd5	255 239 213
Fair Pink                  	ffefec	255 239 236
Peach Cream                	fff0db	255 240 219
Lavender blush             	fff0f5	255 240 245
Gorse                      	fff14f	255 241  79
Buttermilk                 	fff1b5	255 241 181
Pink Lady                  	fff1d8	255 241 216
Forget Me Not              	fff1ee	255 241 238
Tutu                       	fff1f9	255 241 249
Picasso                    	fff39d	255 243 157
Chardon                    	fff3f1	255 243 241
Paris Daisy                	fff46e	255 244 110
Barley White               	fff4ce	255 244 206
Egg Sour                   	fff4dd	255 244 221
Sazerac                    	fff4e0	255 244 224
Serenade                   	fff4e8	255 244 232
Chablis                    	fff4f3	255 244 243
Seashell Peach             	fff5ee	255 245 238
Sauvignon                  	fff5f3	255 245 243
Milk Punch                 	fff6d4	255 246 212
Varden                     	fff6df	255 246 223
Rose White                 	fff6f5	255 246 245
Baja White                 	fff8d1	255 248 209
Gin Fizz                   	fff9e2	255 249 226
Early Dawn                 	fff9e6	255 249 230
Lemon Chiffon              	fffacd	255 250 205
Bridal Heath               	fffaf4	255 250 244
Scotch Mist                	fffbdc	255 251 220
Soapstone                  	fffbf9	255 251 249
Witch Haze                 	fffc99	255 252 153
Buttery White              	fffcea	255 252 234
Island Spice               	fffcee	255 252 238
Cream                      	fffdd0	255 253 208
Chilean Heath              	fffde6	255 253 230
Travertine                 	fffde8	255 253 232
Orchid White               	fffdf3	255 253 243
Quarter Pearl Lusta        	fffdf4	255 253 244
Half and Half              	fffee1	255 254 225
Apricot White              	fffeec	255 254 236
Rice Cake                  	fffef0	255 254 240
Black White                	fffef6	255 254 246
Romance                    	fffefd	255 254 253
Yellow                     	ffff00	255 255   0
Laser Lemon                	ffff66	255 255 102
Pale Canary                	ffff99	255 255 153
Portafino                  	ffffb4	255 255 180
Ivory                      	fffff0	255 255 240
White                      	ffffff	255 255 255
